"🎬  MOVIE RECOMMENDATION SYSTEM  —  Full Dataset (1,500 Movies)",,,,,,,,
Movie_ID,Movie_Title,Genre,Release_Year,Rating,Votes,Popularity,Language,Platform
1,Golden World 0,Action,1963,5.4,12395,26,Hindi,Theatre
2,Golden Love 1,Thriller,1950,8.1,39227,96,Dubbed,Disney+
3,Dark Love 2,Comedy,1999,6.7,245357,9,English,Amazon Prime
4,A Dream 3,Action,1984,6.2,436416,62,Dubbed,Disney+
5,One World 4,Romance,2003,6.7,35206,3,Telugu,Disney+
6,Dark Dream 5,Drama,2019,9.2,155419,74,Hindi,Netflix
7,Golden Game 6,Thriller,1965,8,279579,15,Dubbed,Theatre
8,One Journey 7,Thriller,2016,7.9,287387,4,Dubbed,Disney+
9,Dark Game 8,Sci-Fi,2010,7.1,58192,14,Hindi,Netflix
10,One Love 9,Horror,1985,9.2,435104,74,Telugu,Netflix
11,Last World 10,Drama,1964,5.6,365982,40,Dubbed,Theatre
12,Red Love 11,Action,2005,7.5,494601,26,Hindi,Amazon Prime
13,A Story 12,Sci-Fi,1977,8.1,381152,54,English,Amazon Prime
14,Dark Night 13,Action,2003,5.3,250227,32,Dubbed,Theatre
15,The Love 14,Sci-Fi,1970,7.2,238200,50,Dubbed,Disney+
16,Last Night 15,Sci-Fi,1978,8.4,392247,70,Telugu,Netflix
17,Silent Game 16,Drama,1988,5.1,438500,83,Tamil,Netflix
18,The Night 17,Comedy,2002,6.6,240541,42,Dubbed,Amazon Prime
19,Silent Story 18,Romance,2020,8.7,39886,10,Telugu,Netflix
20,Red Dream 19,Sci-Fi,1970,8.7,336257,98,English,Theatre
21,A Dream 20,Comedy,1973,5.7,6993,95,Telugu,Disney+
22,A War 21,Thriller,1954,8.4,200713,39,English,Disney+
23,The World 22,Horror,1992,5.5,48848,80,Dubbed,Amazon Prime
24,Golden Journey 23,Romance,1972,5.8,321845,1,Tamil,Netflix
25,Red World 24,Thriller,1960,9.4,332463,36,English,Amazon Prime
26,The World 25,Drama,1957,6.7,249542,6,Dubbed,Amazon Prime
27,Red Journey 26,Drama,1971,8.2,87336,6,Tamil,Theatre
28,Golden War 27,Comedy,1979,8.9,380475,4,Hindi,Disney+
29,One Journey 28,Adventure,2011,6.4,190469,95,Tamil,Disney+
30,A Love 29,Drama,1983,8.5,86760,84,Hindi,Theatre
31,Red Dream 30,Romance,2015,6.1,104333,71,English,Netflix
32,Silent Game 31,Sci-Fi,2002,5.4,442979,88,Dubbed,Amazon Prime
33,A Dream 32,Romance,2003,6.6,422405,8,English,Netflix
34,Golden Dream 33,Sci-Fi,1958,5.3,82468,64,Dubbed,Disney+
35,Red War 34,Horror,1973,9.3,182866,58,Telugu,Disney+
36,A Game 35,Drama,1953,8.6,137432,46,English,Disney+
37,A Night 36,Thriller,1978,7.3,185056,18,Tamil,Disney+
38,Golden World 37,Romance,1985,5.3,9946,71,Telugu,Theatre
39,Red Love 38,Action,1950,5.7,389069,47,Telugu,Amazon Prime
40,Silent Game 39,Comedy,2021,7.6,9504,88,Dubbed,Amazon Prime
41,The Dream 40,Action,1999,7.3,434365,59,English,Amazon Prime
42,The War 41,Comedy,1999,8.9,414903,36,Tamil,Netflix
43,Golden Love 42,Adventure,1945,5.7,138069,94,Hindi,Netflix
44,Red Love 43,Comedy,2012,9.4,311277,3,Hindi,Theatre
45,Silent Dream 44,Drama,1962,9.1,326880,64,Tamil,Disney+
46,Golden Dream 45,Drama,2009,5.1,147827,28,English,Netflix
47,Silent Love 46,Horror,2019,8.2,230674,75,Tamil,Amazon Prime
48,Silent Love 47,Adventure,1963,8.9,181249,93,English,Netflix
49,Last Love 48,Thriller,1952,6.2,241812,85,Hindi,Amazon Prime
50,Red Love 49,Action,1995,5.3,58342,57,English,Netflix
51,Silent Love 50,Action,2014,9.3,144152,82,Hindi,Theatre
52,Red Dream 51,Romance,1955,7.8,169522,37,Dubbed,Theatre
53,Last Dream 52,Comedy,2010,6,49206,94,Hindi,Amazon Prime
54,Dark Story 53,Drama,1977,6.5,372138,75,Dubbed,Netflix
55,Last Game 54,Sci-Fi,1967,8.1,240458,45,Hindi,Amazon Prime
56,Last Journey 55,Thriller,1954,6.3,333193,77,Tamil,Amazon Prime
57,One War 56,Thriller,1995,7,289667,42,Dubbed,Disney+
58,A Game 57,Thriller,2009,9.2,168620,38,Tamil,Theatre
59,One Game 58,Action,1946,6.1,459750,62,Telugu,Amazon Prime
60,A Journey 59,Horror,2020,7.4,84038,85,English,Theatre
61,Dark Game 60,Thriller,1955,9,254468,37,Tamil,Amazon Prime
62,The Journey 61,Sci-Fi,1994,6.7,22053,12,Dubbed,Netflix
63,The Game 62,Drama,1973,9.4,131780,83,English,Amazon Prime
64,Red World 63,Sci-Fi,2020,9.2,266360,87,Hindi,Theatre
65,Silent Game 64,Comedy,1985,5.2,87256,13,English,Amazon Prime
66,Dark Dream 65,Comedy,1949,8.5,88392,53,Tamil,Amazon Prime
67,Silent Story 66,Horror,2017,6.8,80143,8,Hindi,Theatre
68,Red Game 67,Horror,2000,8.7,433159,56,Tamil,Amazon Prime
69,Last Story 68,Sci-Fi,1945,7.1,110797,30,English,Theatre
70,Dark Game 69,Romance,2004,8.1,9693,6,English,Netflix
71,Red Story 70,Romance,2000,9.4,181517,44,Hindi,Disney+
72,Last Journey 71,Comedy,2002,8.7,382270,40,Dubbed,Theatre
73,Silent Dream 72,Adventure,1955,6.9,53029,4,English,Amazon Prime
74,Dark Dream 73,Drama,2022,6.7,9745,15,Telugu,Disney+
75,Last War 74,Drama,1964,8.9,227573,82,English,Disney+
76,Silent War 75,Thriller,1966,7,408768,77,Hindi,Disney+
77,The Game 76,Action,2006,6.2,139751,93,Tamil,Theatre
78,Red Game 77,Romance,1966,9,289678,44,Dubbed,Theatre
79,Silent War 78,Romance,1989,5.6,259936,10,English,Netflix
80,Red Game 79,Action,1960,7.9,384981,2,English,Amazon Prime
81,Golden Love 80,Drama,1945,8.6,314094,23,English,Theatre
82,Golden Story 81,Action,1972,8.1,110505,96,Dubbed,Theatre
83,Red World 82,Sci-Fi,2024,8.1,277512,78,English,Netflix
84,The Journey 83,Romance,2007,6.5,282738,74,Telugu,Netflix
85,Last Dream 84,Action,2013,9.2,160332,3,Dubbed,Theatre
86,Dark Journey 85,Adventure,2001,8.6,207964,82,Hindi,Disney+
87,Silent Journey 86,Romance,1988,8.8,133856,45,Hindi,Amazon Prime
88,Red Journey 87,Thriller,1996,9.4,452307,13,English,Theatre
89,Silent War 88,Sci-Fi,1949,5.9,286067,96,Dubbed,Theatre
90,Golden Game 89,Drama,2012,6.8,349367,77,Tamil,Disney+
91,One Game 90,Horror,1970,9.5,422291,89,Dubbed,Netflix
92,Red World 91,Adventure,1959,7.7,271210,65,English,Disney+
93,Red Dream 92,Thriller,1994,9,219845,49,English,Netflix
94,Last Night 93,Romance,1969,5.3,427701,90,Telugu,Disney+
95,One War 94,Horror,2017,6.4,283520,92,Dubbed,Theatre
96,The Dream 95,Comedy,2015,6.2,291676,21,Telugu,Theatre
97,A Night 96,Thriller,1945,7.7,308672,54,Hindi,Netflix
98,Golden Game 97,Drama,1997,5.6,436090,72,Telugu,Disney+
99,The Game 98,Sci-Fi,2024,7.3,80442,6,English,Theatre
100,The Story 99,Romance,1950,8.6,160604,72,Dubbed,Netflix
101,Red Dream 100,Horror,1970,5.7,345143,20,Hindi,Disney+
102,Last Game 101,Adventure,2012,5.2,297975,69,Hindi,Netflix
103,One Dream 102,Horror,1970,7.2,492031,98,English,Disney+
104,The Game 103,Horror,2009,8.4,422458,28,Dubbed,Disney+
105,The Journey 104,Adventure,1954,7.7,105606,99,Dubbed,Theatre
106,Silent Game 105,Sci-Fi,1946,6.3,408943,12,Dubbed,Netflix
107,Dark Night 106,Drama,2002,9.4,481839,100,English,Disney+
108,Last Dream 107,Sci-Fi,2022,6.3,447010,70,English,Netflix
109,A Night 108,Drama,2020,8.9,276375,61,Tamil,Theatre
110,A Night 109,Drama,1974,7.2,270303,72,English,Disney+
111,Golden Game 110,Drama,1961,5.7,209015,75,Tamil,Amazon Prime
112,Golden Night 111,Drama,1996,5.4,221748,50,Dubbed,Theatre
113,Last Journey 112,Horror,2000,8.7,293995,25,Dubbed,Netflix
114,The Night 113,Romance,1976,6,105523,67,English,Netflix
115,A World 114,Thriller,1977,7.7,211386,95,English,Theatre
116,Red Story 115,Sci-Fi,1973,9.2,403926,63,Hindi,Netflix
117,Silent Night 116,Sci-Fi,1968,7.3,268871,89,Hindi,Disney+
118,Dark World 117,Comedy,1978,5.9,428874,88,Hindi,Amazon Prime
119,Last Journey 118,Romance,1956,7.9,328960,12,Dubbed,Amazon Prime
120,Red World 119,Horror,1999,7.7,499178,68,Tamil,Theatre
121,Golden Dream 120,Romance,2018,5,344635,36,English,Theatre
122,Golden Night 121,Sci-Fi,1945,9,363518,17,Dubbed,Disney+
123,Dark Game 122,Sci-Fi,1967,6.4,381058,8,Dubbed,Netflix
124,Last Dream 123,Comedy,1970,6.9,494608,27,Hindi,Netflix
125,Silent War 124,Romance,1991,8.3,83019,96,English,Amazon Prime
126,Golden Game 125,Horror,2017,5.3,435744,54,Dubbed,Disney+
127,Golden Dream 126,Thriller,1966,5.1,466010,98,Dubbed,Amazon Prime
128,The World 127,Action,1976,5.8,20759,80,Dubbed,Amazon Prime
129,Golden War 128,Adventure,1972,6.4,446250,2,Hindi,Netflix
130,One Story 129,Romance,1986,6.3,26240,11,Tamil,Disney+
131,The Love 130,Action,1987,8.4,134493,33,Hindi,Amazon Prime
132,Silent Night 131,Romance,2024,7.1,411142,48,Tamil,Amazon Prime
133,A Night 132,Romance,1967,7.3,203005,22,Tamil,Amazon Prime
134,Silent World 133,Horror,1976,8.4,222526,46,Telugu,Netflix
135,Silent Journey 134,Thriller,1994,9.4,158024,22,Hindi,Amazon Prime
136,Last Journey 135,Action,1999,5.2,85477,99,Hindi,Amazon Prime
137,Red Journey 136,Sci-Fi,2023,5.8,230438,45,Hindi,Netflix
138,Silent Game 137,Horror,2007,7.7,476742,100,Dubbed,Theatre
139,Dark Story 138,Romance,2020,6.9,468733,60,Dubbed,Netflix
140,A War 139,Comedy,2007,8.1,194452,89,Tamil,Theatre
141,Silent Journey 140,Action,2012,7.7,326895,98,Hindi,Theatre
142,Red World 141,Thriller,1948,5.9,84366,79,Dubbed,Netflix
143,The Story 142,Sci-Fi,2020,6,100745,79,Tamil,Amazon Prime
144,Last Love 143,Adventure,1999,7.3,337831,96,Hindi,Disney+
145,Red Dream 144,Action,2011,5.6,422377,36,Telugu,Theatre
146,The Dream 145,Comedy,1964,9.1,14965,65,Hindi,Netflix
147,Golden Game 146,Horror,2010,5.7,91992,54,Tamil,Amazon Prime
148,Silent Dream 147,Drama,1976,6.1,249830,6,English,Theatre
149,Last Love 148,Action,1962,5.5,488178,7,Dubbed,Netflix
150,Golden Story 149,Action,1965,8.7,180598,85,Dubbed,Disney+
151,Last Journey 150,Thriller,1975,8.1,69852,11,Telugu,Netflix
152,Last Game 151,Sci-Fi,2007,7.9,118294,29,Hindi,Theatre
153,The Game 152,Romance,1981,6.1,24507,26,English,Theatre
154,Dark Game 153,Romance,1987,9.2,420247,70,English,Disney+
155,Red World 154,Adventure,1979,6.7,40381,13,Dubbed,Netflix
156,Last World 155,Comedy,2011,8.1,178987,33,Tamil,Netflix
157,Red Story 156,Adventure,2016,5.9,246346,47,Dubbed,Disney+
158,Golden Love 157,Action,1975,5.8,412437,50,English,Disney+
159,The Love 158,Horror,1984,8.2,412772,28,English,Theatre
160,Golden Story 159,Adventure,1983,5.2,471050,43,English,Netflix
161,Last War 160,Drama,1999,6.6,173871,32,Dubbed,Disney+
162,One Night 161,Comedy,1977,6.4,113771,55,English,Theatre
163,A Game 162,Thriller,1971,6,154672,47,Dubbed,Theatre
164,Red Game 163,Thriller,1975,5.6,109291,41,English,Theatre
165,One Night 164,Horror,2002,7.4,141006,88,Dubbed,Theatre
166,The War 165,Adventure,2002,7.5,121249,55,Telugu,Amazon Prime
167,Last Journey 166,Action,1997,6.4,183871,90,English,Theatre
168,Dark World 167,Adventure,1978,8.3,292293,19,English,Netflix
169,Last Story 168,Adventure,1998,7.7,133379,22,Tamil,Amazon Prime
170,The World 169,Horror,1973,7,115057,38,English,Netflix
171,Golden Story 170,Romance,1984,5.3,356178,92,Hindi,Amazon Prime
172,Silent Journey 171,Horror,2018,6.6,163452,47,Dubbed,Netflix
173,Last Night 172,Romance,1994,9,381285,8,English,Disney+
174,Red World 173,Thriller,1978,9.5,316647,18,Tamil,Disney+
175,Dark War 174,Thriller,1976,7.2,55743,28,Dubbed,Netflix
176,Red Dream 175,Romance,1981,7.5,80786,59,English,Amazon Prime
177,Golden Journey 176,Adventure,1972,5.6,228974,83,Hindi,Disney+
178,One Night 177,Horror,2017,7.5,170733,55,Dubbed,Theatre
179,A Night 178,Horror,1999,7.8,83945,63,English,Netflix
180,One Love 179,Drama,1973,9.1,69373,12,English,Amazon Prime
181,A Night 180,Action,1951,6.6,435007,82,English,Netflix
182,Last Love 181,Adventure,2015,9,170765,97,English,Amazon Prime
183,Red Night 182,Thriller,2023,6,249364,62,English,Amazon Prime
184,A War 183,Action,2011,8.1,284408,49,Dubbed,Netflix
185,Dark Story 184,Action,2015,6.8,459617,55,Dubbed,Theatre
186,Silent Journey 185,Romance,1984,5.7,115221,19,Hindi,Disney+
187,A Dream 186,Drama,1987,8.7,238125,63,Hindi,Disney+
188,A Journey 187,Comedy,2000,8.2,163741,37,English,Theatre
189,Golden Story 188,Adventure,1964,5.7,213584,76,Hindi,Netflix
190,Last Love 189,Thriller,2016,5.7,123314,29,Dubbed,Disney+
191,A Journey 190,Adventure,2013,8.4,355549,99,Tamil,Amazon Prime
192,One Journey 191,Sci-Fi,1983,8.3,93388,80,English,Disney+
193,Dark World 192,Sci-Fi,1985,9.2,434318,56,Telugu,Disney+
194,Red Love 193,Thriller,1958,7.7,234102,69,Dubbed,Theatre
195,Golden Journey 194,Drama,1994,6.7,18825,50,English,Disney+
196,Red Journey 195,Drama,1997,5.6,135168,43,Tamil,Disney+
197,Silent World 196,Adventure,2023,7,132779,71,Dubbed,Theatre
198,Silent Journey 197,Romance,2005,6.7,88849,40,English,Theatre
199,One Night 198,Action,1947,6.5,62170,70,Hindi,Theatre
200,One Story 199,Sci-Fi,1987,6.9,219964,77,Dubbed,Theatre
201,Silent Game 200,Horror,1987,5.3,103081,79,Dubbed,Amazon Prime
202,The World 201,Comedy,1984,7.7,424782,6,English,Netflix
203,The Love 202,Thriller,1996,5.7,54282,57,Hindi,Theatre
204,Silent World 203,Thriller,1970,5.1,336577,96,Hindi,Disney+
205,Red War 204,Horror,1965,6.4,18024,70,Hindi,Theatre
206,The Game 205,Action,2018,7.1,394302,56,Hindi,Amazon Prime
207,A World 206,Sci-Fi,2013,6.1,77309,14,Tamil,Amazon Prime
208,Last Love 207,Romance,1948,6.7,458440,76,Tamil,Netflix
209,Silent Story 208,Thriller,2021,7.2,353170,61,English,Disney+
210,The Journey 209,Comedy,1993,8.1,32256,2,Dubbed,Disney+
211,A Game 210,Action,1951,6.2,387133,7,Dubbed,Theatre
212,Dark World 211,Thriller,1955,6.6,61803,37,Telugu,Netflix
213,A Love 212,Action,1984,9.5,242309,10,Hindi,Theatre
214,Last World 213,Sci-Fi,1991,9.1,391048,29,Hindi,Amazon Prime
215,The War 214,Comedy,2003,6,104490,24,Hindi,Disney+
216,Red Story 215,Drama,1978,8.4,489420,38,English,Netflix
217,Last War 216,Horror,2019,6.6,475560,91,Dubbed,Theatre
218,The War 217,Adventure,1950,7.8,193114,40,Dubbed,Netflix
219,One Dream 218,Drama,1987,9,305302,58,Hindi,Netflix
220,Dark Journey 219,Drama,2017,6.5,275969,34,Hindi,Disney+
221,Red Love 220,Drama,2020,8.3,197131,21,English,Disney+
222,Last Love 221,Romance,1983,8.4,45710,82,English,Disney+
223,One Journey 222,Adventure,1950,5.4,250340,67,Telugu,Amazon Prime
224,Last Journey 223,Action,1967,8.9,365735,6,Hindi,Disney+
225,Dark Story 224,Action,2012,8.3,376951,1,English,Netflix
226,A World 225,Sci-Fi,1991,9.5,360242,60,English,Netflix
227,Silent Journey 226,Sci-Fi,1977,6.1,286313,97,English,Theatre
228,Red Journey 227,Adventure,1983,9.1,434053,67,English,Amazon Prime
229,Last Game 228,Adventure,1976,5.9,211387,30,Dubbed,Netflix
230,Red Night 229,Comedy,1990,8,346266,89,Dubbed,Theatre
231,Red Game 230,Sci-Fi,1966,5.5,437359,28,English,Netflix
232,Golden Love 231,Comedy,1999,5.6,115495,79,English,Amazon Prime
233,Dark Night 232,Comedy,1948,8.1,470208,14,Tamil,Theatre
234,Red Game 233,Romance,2003,5.7,308838,77,Hindi,Disney+
235,The War 234,Comedy,1961,5.7,100236,72,Telugu,Theatre
236,Golden World 235,Drama,1951,8.2,485797,14,Telugu,Netflix
237,One World 236,Sci-Fi,2018,7.4,408394,15,Dubbed,Theatre
238,Last World 237,Romance,2009,6.8,57556,86,Hindi,Amazon Prime
239,The Journey 238,Romance,1990,7.4,253469,43,Dubbed,Disney+
240,Red Game 239,Action,1948,8.7,168702,54,Hindi,Netflix
241,Last Night 240,Horror,1991,8.7,345618,93,Dubbed,Netflix
242,One Story 241,Adventure,1993,6.3,466482,5,Tamil,Theatre
243,A Love 242,Adventure,2004,6.8,129312,29,Hindi,Theatre
244,Red War 243,Comedy,1974,6.8,497092,55,Hindi,Theatre
245,The Love 244,Thriller,1953,6.9,256174,77,Dubbed,Amazon Prime
246,The Journey 245,Adventure,1955,8.5,80007,92,Dubbed,Netflix
247,One War 246,Comedy,1989,7.7,346610,77,English,Amazon Prime
248,Golden Journey 247,Action,1954,7.1,109855,34,Dubbed,Theatre
249,One Love 248,Comedy,2010,6.1,414140,11,Dubbed,Netflix
250,Last Journey 249,Comedy,1998,5.6,400178,65,Hindi,Netflix
251,Silent Night 250,Romance,2010,5.7,268474,89,Telugu,Amazon Prime
252,Golden Dream 251,Drama,1949,5.6,349580,64,Tamil,Amazon Prime
253,Dark Night 252,Adventure,1993,7.8,411308,50,Dubbed,Disney+
254,The Game 253,Action,2015,8.5,366146,70,Telugu,Disney+
255,Red World 254,Horror,1988,6.8,165213,59,English,Netflix
256,A Story 255,Horror,2016,8,320171,65,Dubbed,Amazon Prime
257,Golden Dream 256,Action,1946,7.8,98854,18,English,Netflix
258,Last Dream 257,Horror,2005,5.7,403744,79,English,Amazon Prime
259,One War 258,Horror,2013,5.5,391812,18,English,Amazon Prime
260,One Game 259,Sci-Fi,1959,7.9,141653,13,Hindi,Amazon Prime
261,Last Dream 260,Action,2021,6.4,457719,33,Dubbed,Netflix
262,A Game 261,Adventure,2006,8,119400,66,Hindi,Disney+
263,The War 262,Horror,1991,7.6,64599,14,English,Netflix
264,A War 263,Drama,1949,7.4,411945,41,English,Disney+
265,Golden Journey 264,Sci-Fi,2022,8.9,107446,18,Dubbed,Amazon Prime
266,One Dream 265,Comedy,1987,7.1,278874,100,Hindi,Theatre
267,Last Game 266,Drama,1999,5.2,477101,93,Tamil,Theatre
268,A World 267,Sci-Fi,1948,6.6,171305,52,English,Netflix
269,Last Story 268,Action,1995,8.7,79060,76,Hindi,Disney+
270,Dark World 269,Romance,1988,7.6,98709,14,English,Theatre
271,Silent Journey 270,Sci-Fi,2015,7.1,449818,21,English,Theatre
272,Dark Love 271,Comedy,1959,9.2,309938,99,Hindi,Netflix
273,Dark Journey 272,Comedy,2003,5.6,122048,100,Tamil,Amazon Prime
274,Dark Story 273,Adventure,1948,6.8,316035,45,English,Disney+
275,Red Dream 274,Comedy,1985,9.2,263866,18,English,Theatre
276,The Journey 275,Action,1961,8.3,30459,78,Hindi,Disney+
277,Silent Love 276,Adventure,1968,9.5,392455,64,Telugu,Theatre
278,Last Night 277,Sci-Fi,1997,6.4,477710,89,Tamil,Amazon Prime
279,Dark Dream 278,Adventure,2017,7,221872,99,English,Netflix
280,Last Dream 279,Action,1954,7.4,288883,18,Hindi,Netflix
281,One Game 280,Adventure,1986,9.3,101093,13,English,Netflix
282,The Love 281,Horror,1996,7.8,135553,100,Telugu,Disney+
283,Last Journey 282,Drama,1978,5.3,242232,27,English,Theatre
284,One Story 283,Comedy,1983,8,394321,7,Hindi,Theatre
285,Dark Journey 284,Thriller,1998,8.4,229223,25,Tamil,Disney+
286,Dark World 285,Action,2007,5,155063,25,English,Netflix
287,One War 286,Romance,1989,6.7,488473,38,Dubbed,Disney+
288,Red Dream 287,Action,1963,9.3,481915,13,Dubbed,Amazon Prime
289,A Game 288,Adventure,2014,6.2,261662,25,Dubbed,Amazon Prime
290,Golden World 289,Comedy,1970,8.4,277707,70,Hindi,Disney+
291,Red Love 290,Drama,2003,8.6,185468,44,English,Amazon Prime
292,Dark Love 291,Comedy,2019,8.6,93467,78,Hindi,Theatre
293,Silent Love 292,Drama,1946,5.7,159230,79,Dubbed,Theatre
294,One Night 293,Adventure,1993,7,361253,100,Telugu,Netflix
295,One Dream 294,Adventure,2016,6.5,159028,21,Hindi,Amazon Prime
296,A World 295,Drama,2006,9.2,383583,87,Dubbed,Amazon Prime
297,Last War 296,Horror,1987,9,260858,82,Tamil,Theatre
298,Silent Dream 297,Adventure,1972,5.1,226761,14,Dubbed,Disney+
299,Dark World 298,Sci-Fi,1998,7.2,174134,67,Dubbed,Theatre
300,The World 299,Action,1984,8.9,363933,23,Dubbed,Netflix
301,Dark Night 300,Drama,1983,5.4,425370,25,English,Theatre
302,Silent Night 301,Comedy,1969,6.5,53870,30,Telugu,Amazon Prime
303,The World 302,Drama,2000,6.9,473701,24,Dubbed,Theatre
304,The Love 303,Sci-Fi,1959,5,396884,64,Tamil,Netflix
305,Silent World 304,Drama,1981,8.8,52223,56,Dubbed,Disney+
306,Last Night 305,Adventure,1965,8.6,450078,23,Tamil,Disney+
307,One Dream 306,Romance,2014,9.3,400691,47,Dubbed,Theatre
308,Silent Story 307,Adventure,1977,5.7,17083,99,Dubbed,Netflix
309,Silent Journey 308,Comedy,1959,8.8,304826,48,Dubbed,Theatre
310,Golden Dream 309,Comedy,1945,5.7,82173,94,Hindi,Disney+
311,The War 310,Romance,1995,5.6,5259,64,Hindi,Amazon Prime
312,Dark Love 311,Action,1983,8.4,104310,7,Hindi,Amazon Prime
313,The Journey 312,Romance,1961,8.8,34262,17,Hindi,Netflix
314,Dark Dream 313,Romance,1956,8.4,69567,85,Dubbed,Netflix
315,Silent Game 314,Romance,1977,6,132906,15,Dubbed,Netflix
316,The Night 315,Comedy,1948,5.4,263923,31,Hindi,Netflix
317,A Game 316,Comedy,2017,7.2,236947,85,Hindi,Amazon Prime
318,Red Night 317,Horror,2021,7.8,74508,82,English,Disney+
319,Last World 318,Horror,1979,5.5,145464,20,Hindi,Disney+
320,Red Night 319,Adventure,1983,6.8,341639,44,Hindi,Netflix
321,The Story 320,Horror,1950,5.3,493001,91,Telugu,Netflix
322,Dark War 321,Action,1948,8.7,79631,6,Tamil,Theatre
323,Dark Love 322,Action,2013,7.9,333695,58,Dubbed,Disney+
324,Red Night 323,Thriller,2016,6,152862,45,Dubbed,Amazon Prime
325,Silent Journey 324,Romance,1955,8.5,464061,10,English,Netflix
326,Red Story 325,Thriller,2022,5.1,457730,33,Hindi,Disney+
327,The Game 326,Thriller,1983,7.8,115055,37,Dubbed,Disney+
328,One War 327,Sci-Fi,2009,6.5,491375,96,English,Amazon Prime
329,A Journey 328,Horror,1965,5.3,299676,76,English,Theatre
330,Golden Dream 329,Adventure,1990,8.9,198748,44,Tamil,Netflix
331,Golden Story 330,Sci-Fi,1960,8.4,20469,71,Hindi,Amazon Prime
332,Silent Story 331,Comedy,2011,8.6,170140,93,Hindi,Theatre
333,Red Story 332,Comedy,1999,5.3,272798,35,English,Amazon Prime
334,A War 333,Adventure,2008,8.9,369824,27,Telugu,Theatre
335,Last Journey 334,Romance,1977,7.8,269088,5,Dubbed,Disney+
336,One Love 335,Sci-Fi,1948,8.4,447172,21,English,Amazon Prime
337,Dark World 336,Adventure,1999,7.7,11017,59,English,Netflix
338,Golden War 337,Drama,2018,9.3,317903,86,English,Theatre
339,Golden Story 338,Action,1975,8,245105,73,Tamil,Amazon Prime
340,Silent Game 339,Adventure,2008,8.7,224046,3,Dubbed,Amazon Prime
341,Red World 340,Adventure,1966,5.5,381830,91,English,Amazon Prime
342,A World 341,Adventure,2001,8.6,270889,85,Dubbed,Theatre
343,Dark War 342,Comedy,1949,6.8,339451,40,Dubbed,Netflix
344,Last Dream 343,Horror,2012,9.3,266092,60,Tamil,Theatre
345,The Love 344,Romance,1959,8.4,433738,81,English,Netflix
346,Dark Love 345,Drama,2012,6,446852,30,Dubbed,Amazon Prime
347,Dark Love 346,Thriller,2010,7.4,94773,24,Dubbed,Netflix
348,Last World 347,Romance,1967,9.4,165273,58,English,Theatre
349,Last Dream 348,Action,1956,5.1,413732,58,English,Theatre
350,Red Love 349,Romance,1984,6.2,396591,12,English,Disney+
351,The Love 350,Thriller,1961,6.9,400467,87,English,Theatre
352,Golden World 351,Drama,1950,7.3,7750,9,English,Amazon Prime
353,One War 352,Adventure,1962,7.9,326038,67,Tamil,Amazon Prime
354,A Night 353,Action,1962,6,411502,8,Tamil,Theatre
355,Last World 354,Horror,2006,5.2,9496,52,Dubbed,Disney+
356,The World 355,Romance,2013,6.1,163587,72,English,Amazon Prime
357,Dark Dream 356,Horror,1966,8.6,83039,63,Hindi,Disney+
358,A Story 357,Thriller,2000,8.9,109165,82,Dubbed,Netflix
359,Red Journey 358,Thriller,2024,8.8,118344,95,English,Netflix
360,Last Dream 359,Romance,2019,5.8,225147,40,Hindi,Theatre
361,The Story 360,Romance,1959,6,416240,25,Dubbed,Disney+
362,Red Game 361,Adventure,1985,9.4,253506,86,Hindi,Amazon Prime
363,Silent Game 362,Comedy,1999,5.2,402443,13,Telugu,Netflix
364,Red Journey 363,Romance,2006,6.7,413426,77,Dubbed,Theatre
365,Dark Story 364,Romance,1968,5.6,321597,11,Hindi,Netflix
366,Silent War 365,Action,1954,5.1,25131,59,Hindi,Amazon Prime
367,One Dream 366,Horror,1946,7.7,43521,74,Hindi,Theatre
368,Silent World 367,Romance,2010,5.5,37007,9,English,Netflix
369,Red Journey 368,Romance,1972,5.5,98133,20,Tamil,Netflix
370,Last Journey 369,Drama,2005,6.6,312403,75,Dubbed,Disney+
371,A War 370,Sci-Fi,1955,7.9,97189,29,Dubbed,Amazon Prime
372,Golden Story 371,Sci-Fi,1968,6.7,340211,72,Tamil,Disney+
373,Silent Dream 372,Romance,1975,6.1,221801,36,Dubbed,Disney+
374,The Game 373,Horror,2024,5.9,390237,20,Telugu,Disney+
375,Silent Love 374,Thriller,2012,5.9,130924,79,Telugu,Disney+
376,Silent Game 375,Adventure,1959,8.3,380984,98,English,Netflix
377,Golden Dream 376,Thriller,2009,7.5,428130,86,Hindi,Amazon Prime
378,A Dream 377,Adventure,1958,7,117038,30,English,Theatre
379,Red Dream 378,Drama,1976,6.2,54746,90,Telugu,Disney+
380,Dark World 379,Horror,1995,7.8,262779,18,English,Netflix
381,Golden Dream 380,Adventure,2009,7.6,349587,41,Dubbed,Netflix
382,The Night 381,Drama,2020,9.2,334747,77,English,Theatre
383,Last Game 382,Comedy,1982,5.1,224413,88,Dubbed,Netflix
384,The Night 383,Action,2001,5.3,314625,67,Dubbed,Amazon Prime
385,Last Dream 384,Drama,2002,7.9,276335,31,Tamil,Netflix
386,Dark Love 385,Thriller,1992,9.1,122691,72,Dubbed,Netflix
387,Silent War 386,Horror,2005,9,62206,49,Dubbed,Amazon Prime
388,Golden Story 387,Action,1979,8.3,131786,8,Hindi,Theatre
389,Dark Love 388,Adventure,1949,8,176510,23,Telugu,Netflix
390,A Game 389,Drama,1971,5.3,84251,10,Hindi,Amazon Prime
391,Dark Journey 390,Sci-Fi,1984,8.6,244264,77,Tamil,Theatre
392,Silent Dream 391,Thriller,1963,5.9,414248,51,Dubbed,Netflix
393,Dark War 392,Romance,2000,6.6,477668,76,English,Amazon Prime
394,Red Journey 393,Adventure,2012,7,259648,1,Hindi,Disney+
395,One Night 394,Action,1971,5.8,32008,15,Dubbed,Netflix
396,The Dream 395,Romance,2005,8.2,203740,96,Dubbed,Theatre
397,Last Journey 396,Horror,2021,8.3,477466,83,Dubbed,Disney+
398,The Game 397,Romance,1988,8.7,330374,80,English,Amazon Prime
399,Red Love 398,Action,1992,9,435100,31,English,Netflix
400,One Game 399,Romance,2012,7.8,19961,53,Tamil,Netflix
401,Dark World 400,Horror,1983,5.2,446081,35,Tamil,Disney+
402,The War 401,Romance,1962,6.7,75677,93,Tamil,Amazon Prime
403,One Story 402,Adventure,2016,6,459683,27,Dubbed,Netflix
404,Golden Night 403,Horror,1993,9.2,476125,52,Dubbed,Amazon Prime
405,The Game 404,Comedy,1955,5,357378,62,English,Netflix
406,Last Night 405,Romance,1988,8,79860,87,Hindi,Theatre
407,Last Game 406,Action,1988,7.6,230423,46,Hindi,Theatre
408,A War 407,Adventure,1960,6.4,476901,13,English,Theatre
409,Golden War 408,Romance,2004,8.6,446591,66,Hindi,Disney+
410,A Journey 409,Comedy,1968,6.3,287786,18,Hindi,Netflix
411,The Love 410,Sci-Fi,1973,7.6,374210,34,Hindi,Netflix
412,Red Game 411,Comedy,1984,9.5,13785,50,Dubbed,Amazon Prime
413,Golden Journey 412,Adventure,1945,7.1,101830,7,Tamil,Amazon Prime
414,Silent Love 413,Drama,1993,6,66666,36,Hindi,Disney+
415,One Journey 414,Drama,2002,9.2,418459,95,English,Disney+
416,Last World 415,Action,1994,6.4,69216,81,English,Netflix
417,Golden Dream 416,Drama,2014,9.3,412384,23,Tamil,Disney+
418,A Dream 417,Horror,1969,6.5,327467,4,English,Netflix
419,Silent Journey 418,Sci-Fi,1984,6.8,138531,66,Hindi,Disney+
420,Red Journey 419,Drama,1999,6.1,331663,55,Tamil,Disney+
421,One World 420,Comedy,1965,5.9,99108,5,Dubbed,Netflix
422,A Dream 421,Horror,1978,6.6,457425,63,English,Disney+
423,Silent Story 422,Action,1962,8.1,330843,27,Dubbed,Theatre
424,The World 423,Action,1948,9,281663,39,Hindi,Disney+
425,Last World 424,Adventure,2011,7.2,125125,73,Dubbed,Netflix
426,Dark Dream 425,Sci-Fi,1978,8.3,429102,75,Telugu,Netflix
427,The Game 426,Horror,1946,6.1,391621,52,English,Amazon Prime
428,Dark Love 427,Adventure,1997,6.4,448055,77,English,Amazon Prime
429,A Night 428,Adventure,2009,8,219878,32,Dubbed,Netflix
430,Golden War 429,Drama,1972,5.6,484808,31,Telugu,Amazon Prime
431,Red Game 430,Drama,1982,8,394677,18,Dubbed,Netflix
432,A Game 431,Comedy,1967,6.2,119117,66,Dubbed,Netflix
433,Red Night 432,Action,1948,6.8,277717,65,English,Amazon Prime
434,Golden Journey 433,Comedy,2008,7.3,113533,83,Tamil,Theatre
435,A War 434,Adventure,2003,7.4,166734,73,English,Netflix
436,Silent Game 435,Romance,1983,7.1,66145,9,Tamil,Netflix
437,Dark Journey 436,Thriller,1960,9.3,482754,39,Dubbed,Netflix
438,Red Night 437,Drama,2004,7.3,203418,39,Tamil,Disney+
439,The Night 438,Romance,2003,8.7,6053,24,English,Disney+
440,Golden World 439,Comedy,2017,6.8,216931,4,Dubbed,Disney+
441,A War 440,Romance,2011,5.4,198037,24,Telugu,Disney+
442,Silent Dream 441,Action,1985,6.9,70125,64,English,Netflix
443,One Story 442,Thriller,1999,8.7,112146,18,Dubbed,Netflix
444,Dark Love 443,Action,1952,6.2,277529,61,Hindi,Netflix
445,One Game 444,Comedy,1972,9.2,165947,35,Tamil,Netflix
446,Red Journey 445,Drama,1997,8.7,212030,71,Dubbed,Theatre
447,Silent Story 446,Action,2007,5.9,365936,74,Tamil,Netflix
448,Last War 447,Comedy,2012,7.7,32375,7,Hindi,Theatre
449,One Story 448,Adventure,1946,6.8,436658,17,English,Netflix
450,The World 449,Comedy,1983,5.6,403476,51,Dubbed,Amazon Prime
451,Last Journey 450,Horror,1978,7.2,216558,34,Hindi,Disney+
452,Last Story 451,Sci-Fi,1969,7.1,382713,7,Dubbed,Theatre
453,Dark Love 452,Action,2020,6.4,308398,68,Hindi,Disney+
454,Last Love 453,Sci-Fi,2022,5.3,104725,61,Hindi,Amazon Prime
455,One Dream 454,Thriller,2020,8.1,168653,16,English,Theatre
456,Dark World 455,Adventure,1990,7.4,153751,11,Telugu,Netflix
457,A Journey 456,Sci-Fi,1975,7,131957,73,Dubbed,Netflix
458,Dark Journey 457,Romance,2021,8.5,77712,95,Dubbed,Theatre
459,Last Dream 458,Drama,1966,6.8,22662,64,Tamil,Disney+
460,The Night 459,Sci-Fi,2010,7.7,76897,31,Dubbed,Amazon Prime
461,Golden War 460,Romance,2017,8.5,21941,12,Tamil,Netflix
462,One Dream 461,Thriller,1949,9.5,209151,66,Hindi,Amazon Prime
463,Red World 462,Comedy,2008,7.3,134773,84,Hindi,Disney+
464,Silent War 463,Horror,1963,9.2,275832,4,Hindi,Theatre
465,One Night 464,Romance,2001,6.1,171106,29,Hindi,Amazon Prime
466,The Love 465,Action,1987,6.8,474654,54,Tamil,Disney+
467,Golden Love 466,Sci-Fi,1995,7,148293,46,English,Theatre
468,Silent Game 467,Horror,1953,9.1,205371,94,English,Theatre
469,Red Journey 468,Romance,1984,6.4,316363,4,English,Disney+
470,Golden Love 469,Action,2000,6.6,314113,14,English,Amazon Prime
471,One Journey 470,Comedy,1986,7.8,252057,49,Hindi,Amazon Prime
472,A World 471,Sci-Fi,2022,9.4,401718,7,Hindi,Theatre
473,Golden Game 472,Drama,1990,8.2,492407,48,Dubbed,Theatre
474,Golden Dream 473,Drama,2014,9.5,202205,43,Dubbed,Netflix
475,One Story 474,Romance,1950,8.9,447407,69,Telugu,Amazon Prime
476,The Journey 475,Sci-Fi,1954,8.3,307594,69,English,Theatre
477,Last Game 476,Horror,1964,5.7,349076,46,Tamil,Theatre
478,A Love 477,Thriller,2009,6.5,11813,21,Tamil,Netflix
479,A Game 478,Drama,1977,8.2,294247,71,Hindi,Amazon Prime
480,Red Dream 479,Thriller,1992,8.8,193567,1,English,Theatre
481,One Story 480,Thriller,1972,5.3,93706,44,Tamil,Amazon Prime
482,Red Story 481,Thriller,1956,6.2,289724,42,Dubbed,Netflix
483,Dark Game 482,Romance,2012,8.6,466632,54,Hindi,Netflix
484,Dark Night 483,Horror,1979,5.5,284699,12,Dubbed,Theatre
485,The War 484,Horror,2008,8.5,335926,30,English,Netflix
486,A Dream 485,Drama,1964,7.7,380259,26,Dubbed,Netflix
487,Dark Love 486,Sci-Fi,1973,7,118566,99,Hindi,Netflix
488,Red Game 487,Horror,1949,6.4,36452,21,Hindi,Netflix
489,A Story 488,Thriller,1959,6.6,322795,58,Dubbed,Netflix
490,A World 489,Action,1983,6.9,120339,18,Hindi,Amazon Prime
491,Last Night 490,Thriller,1970,8.4,120453,18,Dubbed,Theatre
492,A Love 491,Comedy,1966,9.5,234396,1,Dubbed,Amazon Prime
493,Golden Journey 492,Thriller,1987,6.5,18997,70,Hindi,Disney+
494,Golden Story 493,Action,2003,6.4,272885,77,Telugu,Disney+
495,One Journey 494,Comedy,1981,7.7,138663,88,Hindi,Amazon Prime
496,A Journey 495,Thriller,1968,8.1,390904,73,Hindi,Netflix
497,Golden Dream 496,Thriller,2005,8.7,118376,39,Telugu,Theatre
498,A War 497,Action,2023,5.8,26589,94,English,Theatre
499,Red Game 498,Thriller,1981,5.7,340645,81,Dubbed,Disney+
500,The War 499,Horror,1950,7.5,139575,27,Telugu,Amazon Prime
501,Golden Story 500,Action,1952,5.4,470061,3,English,Amazon Prime
502,Golden War 501,Comedy,1952,5.1,316886,2,Hindi,Theatre
503,Silent Dream 502,Comedy,1969,7.1,38829,15,Dubbed,Disney+
504,The Journey 503,Horror,1992,7.4,56251,92,Dubbed,Disney+
505,Silent War 504,Comedy,1974,7.6,445482,100,Hindi,Theatre
506,A Story 505,Comedy,1955,5.7,433084,16,English,Netflix
507,Golden War 506,Adventure,1963,6.9,40369,76,English,Theatre
508,Last War 507,Comedy,1965,8.8,493907,58,English,Theatre
509,Last Story 508,Sci-Fi,2017,8.1,294902,39,English,Theatre
510,Red Night 509,Sci-Fi,2021,7.3,177743,85,Tamil,Disney+
511,The World 510,Romance,1979,5.5,12715,50,English,Disney+
512,One War 511,Drama,1952,7.4,425256,71,Dubbed,Netflix
513,A Story 512,Horror,2019,6.4,242318,81,English,Theatre
514,Dark Game 513,Action,1954,6.7,285464,6,Telugu,Amazon Prime
515,The Love 514,Drama,1982,5.9,212683,44,Hindi,Disney+
516,The Love 515,Horror,2011,7.3,225890,44,Dubbed,Disney+
517,Last Story 516,Romance,2002,6.3,470397,87,Tamil,Disney+
518,Dark Journey 517,Action,2024,8,449629,1,Tamil,Disney+
519,Dark Love 518,Romance,2004,5.9,127032,2,Dubbed,Netflix
520,Dark World 519,Drama,2000,9.3,307064,45,Telugu,Disney+
521,One Love 520,Thriller,2001,6.7,233245,14,Tamil,Disney+
522,Dark Game 521,Sci-Fi,2010,5.4,223780,38,Telugu,Netflix
523,Red Dream 522,Sci-Fi,1995,7.2,253927,76,Dubbed,Amazon Prime
524,Dark Journey 523,Horror,1984,5,378741,90,Hindi,Amazon Prime
525,The World 524,Thriller,1960,8.2,321410,80,Tamil,Amazon Prime
526,Silent Dream 525,Action,2006,6.2,340712,30,Tamil,Amazon Prime
527,Silent Story 526,Sci-Fi,1950,6.7,87232,86,Telugu,Disney+
528,Silent World 527,Horror,2022,5.4,262095,23,Tamil,Disney+
529,Red World 528,Adventure,1966,6.2,356244,75,Dubbed,Disney+
530,Golden World 529,Romance,1995,5.8,165210,94,Tamil,Netflix
531,Golden Love 530,Horror,2024,9,96679,29,Dubbed,Disney+
532,The Journey 531,Comedy,1954,8.5,373247,3,English,Netflix
533,One World 532,Romance,1977,7.4,268982,29,Dubbed,Amazon Prime
534,A Dream 533,Drama,1988,6.7,122684,31,Dubbed,Theatre
535,Golden World 534,Thriller,1990,8.5,85272,66,Telugu,Theatre
536,Last Dream 535,Adventure,1984,9.2,356796,95,Tamil,Amazon Prime
537,Golden Journey 536,Drama,1961,8.7,205959,86,Dubbed,Disney+
538,One Dream 537,Horror,1975,7.1,123353,60,Telugu,Theatre
539,A Love 538,Drama,2013,8.7,185425,82,Hindi,Amazon Prime
540,Dark Night 539,Action,2021,6.5,170150,77,Hindi,Netflix
541,Silent World 540,Action,1945,7,301338,81,Telugu,Amazon Prime
542,Golden World 541,Drama,1958,8.7,53452,37,Telugu,Disney+
543,One War 542,Drama,2010,6.4,140665,34,Telugu,Disney+
544,A War 543,Sci-Fi,1962,9.3,400307,66,English,Theatre
545,The Story 544,Thriller,1991,8.8,400395,35,English,Netflix
546,Silent Love 545,Thriller,1957,6.9,359050,12,Hindi,Disney+
547,A Journey 546,Comedy,1989,8.2,364721,81,Hindi,Theatre
548,The Night 547,Thriller,1963,5.7,102482,77,English,Theatre
549,Dark War 548,Comedy,1985,8.1,396323,89,English,Disney+
550,Red Night 549,Comedy,1990,5.2,402427,30,Dubbed,Netflix
551,Red War 550,Adventure,1961,5.2,174316,35,Tamil,Netflix
552,One Game 551,Romance,1947,6.1,302150,74,Dubbed,Netflix
553,The World 552,Romance,2015,6.2,237798,33,Hindi,Disney+
554,Last Story 553,Drama,2019,6.9,129493,34,English,Disney+
555,Last Game 554,Comedy,1947,8.7,488757,90,English,Netflix
556,Silent Story 555,Adventure,2018,8.6,39701,21,Telugu,Amazon Prime
557,Red Love 556,Adventure,1968,7.8,308439,88,Tamil,Theatre
558,The Night 557,Romance,1948,6.9,467512,99,Tamil,Netflix
559,Golden World 558,Comedy,1987,8.5,469910,12,Telugu,Theatre
560,The Journey 559,Horror,1996,6.9,419235,90,English,Amazon Prime
561,A Story 560,Horror,2008,6.7,78691,30,English,Amazon Prime
562,Golden Love 561,Action,1987,8.6,164869,81,Telugu,Amazon Prime
563,The Journey 562,Comedy,2022,7.6,493098,73,Dubbed,Netflix
564,Silent Love 563,Drama,2018,8.9,306003,56,English,Netflix
565,Last Story 564,Comedy,1969,7.7,436097,98,Dubbed,Disney+
566,Red Night 565,Sci-Fi,2015,6,27864,31,Telugu,Netflix
567,Red Story 566,Romance,2002,6.4,27395,40,Dubbed,Netflix
568,One War 567,Adventure,1973,5.3,280122,32,Hindi,Theatre
569,The War 568,Sci-Fi,1947,6.9,201656,49,Hindi,Theatre
570,A War 569,Sci-Fi,1967,7.7,448440,29,Hindi,Theatre
571,One Night 570,Horror,1966,8,265302,28,Hindi,Amazon Prime
572,A Game 571,Romance,1964,9.4,5299,37,English,Netflix
573,The War 572,Romance,2009,7.3,324711,56,English,Disney+
574,Silent Love 573,Thriller,1957,6,402715,29,English,Disney+
575,Dark Journey 574,Sci-Fi,1976,6.6,29135,93,English,Netflix
576,The War 575,Drama,1999,8.5,391415,71,Telugu,Amazon Prime
577,A Game 576,Action,2023,8.9,339340,58,Telugu,Amazon Prime
578,Last World 577,Drama,1993,9.2,458039,82,Tamil,Theatre
579,Last World 578,Horror,1989,8.7,433536,17,English,Theatre
580,Red War 579,Drama,1973,6.5,442924,49,English,Disney+
581,Golden Love 580,Action,2013,6.2,70794,15,Hindi,Netflix
582,Red Journey 581,Thriller,1991,5.6,391324,2,Tamil,Disney+
583,Dark Night 582,Sci-Fi,1990,8,21896,99,Telugu,Theatre
584,One Dream 583,Adventure,1959,5.3,499108,29,Telugu,Netflix
585,A War 584,Adventure,1972,6.5,9625,4,Hindi,Theatre
586,One Night 585,Thriller,1968,5.5,72111,76,Dubbed,Disney+
587,Silent Love 586,Thriller,1951,5.4,276319,94,Dubbed,Theatre
588,One Journey 587,Sci-Fi,2018,7.5,423658,36,Tamil,Disney+
589,One Love 588,Adventure,1984,5.7,353475,89,English,Amazon Prime
590,Last War 589,Sci-Fi,1975,8.2,352323,69,Dubbed,Disney+
591,Silent Love 590,Comedy,2002,8.2,85116,32,Hindi,Amazon Prime
592,Last War 591,Romance,1984,7.5,471910,43,English,Amazon Prime
593,Golden World 592,Adventure,2022,7.4,300535,9,Dubbed,Amazon Prime
594,The War 593,Action,2004,8.7,238593,42,English,Netflix
595,Last War 594,Thriller,1959,5.2,25516,8,Dubbed,Disney+
596,The World 595,Horror,2022,9.4,310739,4,Dubbed,Disney+
597,Golden Dream 596,Sci-Fi,1987,8,41035,100,English,Theatre
598,The Night 597,Thriller,2005,9.5,323252,67,Telugu,Theatre
599,Dark War 598,Adventure,1972,6.2,65041,13,Hindi,Theatre
600,Golden Night 599,Adventure,2024,5.4,206420,45,Dubbed,Netflix
601,Dark Story 600,Thriller,1951,6.7,482463,27,Dubbed,Netflix
602,Last Night 601,Comedy,1950,8.4,138183,59,Telugu,Netflix
603,Golden Journey 602,Adventure,1984,7.6,83446,1,Hindi,Theatre
604,Last Game 603,Thriller,1960,6.6,283342,33,Hindi,Disney+
605,Red Love 604,Drama,1962,8.6,463230,45,Telugu,Theatre
606,Silent Story 605,Drama,2004,8.4,87749,6,Tamil,Netflix
607,Silent War 606,Comedy,2012,8.7,494056,52,Hindi,Disney+
608,Last War 607,Thriller,2003,5,405826,56,Dubbed,Netflix
609,The Dream 608,Action,1987,8.7,177923,91,Telugu,Disney+
610,Dark World 609,Thriller,1961,8.3,317049,13,Telugu,Amazon Prime
611,Golden War 610,Sci-Fi,2022,8.8,381393,45,English,Netflix
612,One Game 611,Thriller,1945,5.7,1902,53,Dubbed,Theatre
613,One Love 612,Thriller,1954,9.1,494582,99,English,Theatre
614,A Dream 613,Action,1970,6.2,477985,28,Hindi,Amazon Prime
615,Red Love 614,Comedy,1966,7.3,155683,15,English,Netflix
616,Red Love 615,Thriller,1951,8.4,200620,82,Hindi,Amazon Prime
617,Golden Game 616,Romance,1993,9,284559,15,Telugu,Theatre
618,A Journey 617,Comedy,1945,5.9,308268,5,Tamil,Netflix
619,One Love 618,Action,1995,6.9,98900,67,English,Netflix
620,Silent Dream 619,Thriller,1948,5.9,149914,1,Telugu,Netflix
621,Golden World 620,Sci-Fi,1968,8.4,339840,27,Telugu,Theatre
622,One Game 621,Comedy,2002,8.1,284414,86,English,Theatre
623,Dark World 622,Drama,1963,7.1,165265,7,Telugu,Amazon Prime
624,Dark Dream 623,Sci-Fi,1963,8.4,25810,57,English,Netflix
625,A War 624,Horror,1986,6.9,71287,88,Tamil,Disney+
626,Red Dream 625,Action,1971,7.2,251894,66,Dubbed,Disney+
627,Dark Love 626,Thriller,1961,9,399445,26,Telugu,Disney+
628,Golden World 627,Comedy,1999,9.1,241760,36,Hindi,Netflix
629,The Love 628,Thriller,1980,7.6,217370,39,Telugu,Disney+
630,Last World 629,Thriller,2016,8.9,75481,94,Tamil,Disney+
631,Silent Love 630,Comedy,2023,8.1,148721,88,English,Theatre
632,One Dream 631,Drama,1955,7.3,334668,17,Tamil,Amazon Prime
633,Dark World 632,Drama,1995,6,200238,54,English,Disney+
634,One Night 633,Horror,1978,6.3,228180,81,Hindi,Netflix
635,Silent Dream 634,Comedy,1946,5.6,161231,35,Dubbed,Netflix
636,Red Night 635,Action,1971,9.1,294162,2,Telugu,Theatre
637,A Game 636,Thriller,1992,7,154573,39,Hindi,Netflix
638,A War 637,Sci-Fi,1977,7.1,168150,24,Tamil,Theatre
639,Last Night 638,Romance,1965,6.4,315259,90,Hindi,Disney+
640,Last Love 639,Romance,2019,8.3,115877,40,English,Netflix
641,The World 640,Action,1987,6.3,367403,90,Dubbed,Amazon Prime
642,Golden Story 641,Thriller,2000,6.5,142976,33,Hindi,Amazon Prime
643,Silent Dream 642,Adventure,2003,8.7,28398,59,Hindi,Amazon Prime
644,A World 643,Romance,1984,8.7,176079,38,Dubbed,Disney+
645,A War 644,Thriller,2008,5.2,249994,19,English,Netflix
646,Red Dream 645,Comedy,2024,6.8,421300,36,Dubbed,Theatre
647,A World 646,Romance,1995,8.2,442925,58,English,Amazon Prime
648,A Journey 647,Drama,1960,8.2,344160,87,Tamil,Disney+
649,One Dream 648,Sci-Fi,1950,5.5,90422,51,Tamil,Disney+
650,Dark World 649,Sci-Fi,1960,8,175032,90,Tamil,Netflix
651,A Game 650,Comedy,1999,7.5,366704,33,Hindi,Netflix
652,Golden Love 651,Thriller,1993,5.6,6553,49,Telugu,Disney+
653,Dark Journey 652,Action,1946,7.6,114556,62,Hindi,Amazon Prime
654,One War 653,Horror,1947,9.2,91217,42,Dubbed,Amazon Prime
655,Red Dream 654,Romance,1959,8.2,84276,71,English,Disney+
656,Golden Dream 655,Thriller,2006,6.2,339580,99,Dubbed,Theatre
657,Silent Dream 656,Comedy,1982,7.9,411825,43,Hindi,Theatre
658,The Love 657,Romance,1973,7.9,122317,81,Tamil,Netflix
659,Red Night 658,Comedy,2024,6.7,406903,18,Dubbed,Theatre
660,Last Night 659,Comedy,2022,9,160342,77,English,Amazon Prime
661,One Love 660,Adventure,1978,6.3,433477,14,Dubbed,Netflix
662,The Dream 661,Romance,1999,9.2,175931,87,Tamil,Amazon Prime
663,Silent Game 662,Comedy,1973,5.7,199273,1,Dubbed,Netflix
664,Golden World 663,Sci-Fi,1950,7.4,191477,65,English,Disney+
665,The Night 664,Sci-Fi,1975,5.2,276442,84,Hindi,Disney+
666,The Game 665,Drama,2014,5.6,116284,70,Dubbed,Amazon Prime
667,A World 666,Horror,2001,8,245124,40,Telugu,Amazon Prime
668,Last Night 667,Romance,1981,6,230849,94,Dubbed,Theatre
669,Silent Dream 668,Drama,1995,8,381040,91,English,Disney+
670,Last Night 669,Thriller,1988,9.3,3533,2,Dubbed,Disney+
671,One Love 670,Comedy,1989,7.5,9207,8,English,Disney+
672,One Night 671,Action,1949,5.2,112365,68,Dubbed,Amazon Prime
673,Golden Journey 672,Comedy,2007,6.7,83792,26,Hindi,Amazon Prime
674,Golden Game 673,Romance,1980,9.4,60812,10,Hindi,Theatre
675,Golden World 674,Horror,1989,7.8,331187,1,English,Theatre
676,Dark Story 675,Sci-Fi,1970,8.5,449345,43,Dubbed,Theatre
677,Last Dream 676,Horror,2007,5.3,423048,16,Telugu,Amazon Prime
678,The Night 677,Drama,1979,9,76978,37,Dubbed,Theatre
679,Dark Game 678,Comedy,2015,7.8,280645,91,Tamil,Netflix
680,Silent Journey 679,Romance,2002,7.8,483298,26,Telugu,Amazon Prime
681,Dark Night 680,Comedy,1999,6.1,288143,54,Dubbed,Netflix
682,Golden World 681,Horror,1961,5.5,225762,58,Tamil,Amazon Prime
683,Golden Story 682,Horror,1988,9.3,64783,87,English,Theatre
684,Red Dream 683,Drama,1970,5.4,98462,9,Hindi,Amazon Prime
685,The Story 684,Romance,1999,7.1,15467,15,Dubbed,Theatre
686,Red Journey 685,Comedy,1975,6.2,488198,57,English,Netflix
687,A War 686,Thriller,1963,6.6,481112,89,Hindi,Theatre
688,Red War 687,Comedy,1963,5.1,496867,97,Hindi,Amazon Prime
689,Last Dream 688,Thriller,2014,7.5,147882,35,Telugu,Disney+
690,Silent Story 689,Drama,1980,6.5,377028,76,Hindi,Theatre
691,Last Journey 690,Drama,2016,8.2,257319,19,English,Amazon Prime
692,Last Love 691,Horror,2005,7.1,33672,55,Telugu,Theatre
693,Dark Game 692,Drama,1963,8.5,375541,57,Hindi,Netflix
694,Silent Night 693,Romance,2006,6.4,143867,20,English,Theatre
695,One Story 694,Action,1999,7.8,75216,66,Tamil,Netflix
696,The Story 695,Thriller,1979,9.3,490278,86,Dubbed,Theatre
697,Golden War 696,Adventure,1985,9.2,202660,3,Tamil,Disney+
698,One Love 697,Action,1966,5.6,490349,46,Dubbed,Netflix
699,Last Love 698,Horror,1991,5.1,96595,36,Dubbed,Theatre
700,A Game 699,Adventure,1979,6.7,35553,31,Telugu,Netflix
701,One Dream 700,Action,2012,5,478866,17,Dubbed,Amazon Prime
702,Dark Story 701,Drama,1953,6.9,190250,80,Dubbed,Netflix
703,Last Night 702,Romance,1956,7.3,140151,49,Hindi,Amazon Prime
704,Red War 703,Drama,1956,9.3,354144,47,English,Netflix
705,Golden World 704,Romance,1955,5.8,120584,67,Dubbed,Netflix
706,Red War 705,Romance,2011,8.4,330306,4,Hindi,Theatre
707,Dark World 706,Action,1992,9.2,428747,57,English,Disney+
708,One Journey 707,Action,1992,7.1,128596,2,Hindi,Netflix
709,Silent Dream 708,Horror,1958,8.4,123624,20,Dubbed,Amazon Prime
710,A Game 709,Action,1978,6.6,248553,33,Telugu,Theatre
711,Dark World 710,Sci-Fi,2020,6.6,20384,96,Telugu,Netflix
712,A Love 711,Horror,1977,7,241913,43,Dubbed,Amazon Prime
713,Red Dream 712,Sci-Fi,1946,9.4,107190,54,Telugu,Disney+
714,The Journey 713,Adventure,2024,5.6,65640,74,English,Netflix
715,Silent Love 714,Adventure,1951,5.1,272685,13,Hindi,Theatre
716,The World 715,Drama,1985,6.7,413392,77,Dubbed,Theatre
717,A Dream 716,Drama,2004,8.4,100831,63,English,Theatre
718,Last Journey 717,Thriller,1968,9.4,240757,44,Hindi,Netflix
719,Last Journey 718,Action,1975,8.2,374779,81,Dubbed,Theatre
720,Silent Game 719,Romance,2024,5.5,497229,44,Dubbed,Amazon Prime
721,One War 720,Drama,2006,8.2,482010,71,Dubbed,Amazon Prime
722,Silent Night 721,Sci-Fi,1951,8.6,155903,14,Dubbed,Theatre
723,One Journey 722,Thriller,2003,6.3,471931,9,English,Amazon Prime
724,A Game 723,Thriller,2018,8.5,161419,66,Dubbed,Disney+
725,A Game 724,Sci-Fi,1991,7.3,252551,88,Telugu,Theatre
726,Red Dream 725,Drama,1967,7.3,161244,76,Hindi,Disney+
727,Golden World 726,Comedy,1971,6.8,468877,88,Hindi,Amazon Prime
728,Silent Dream 727,Adventure,2006,7.6,205248,75,English,Amazon Prime
729,Dark Dream 728,Action,1998,6.2,260917,37,Hindi,Amazon Prime
730,Golden World 729,Horror,2012,5.1,296044,56,Telugu,Disney+
731,A Game 730,Adventure,2013,8.4,467330,73,Dubbed,Disney+
732,Last Night 731,Drama,1970,7.5,54371,18,Hindi,Disney+
733,Silent Love 732,Action,2009,7.4,291777,79,Tamil,Theatre
734,One Journey 733,Thriller,1976,8.8,381384,44,Telugu,Theatre
735,Golden War 734,Thriller,2013,9.2,246041,24,English,Disney+
736,The Story 735,Drama,1995,6.1,40912,90,Hindi,Theatre
737,Last World 736,Thriller,1985,5.6,73253,86,Tamil,Amazon Prime
738,Dark Journey 737,Thriller,2024,7.6,476024,90,English,Netflix
739,Last World 738,Sci-Fi,1966,9.4,369628,9,Tamil,Theatre
740,Silent World 739,Adventure,2022,9.1,327863,26,Hindi,Netflix
741,The Journey 740,Adventure,1991,5,308430,66,Dubbed,Theatre
742,The War 741,Adventure,2009,8.3,204131,29,Dubbed,Amazon Prime
743,Red Story 742,Thriller,1974,9.1,171070,50,English,Theatre
744,The Love 743,Adventure,2024,9.1,1475,61,Dubbed,Theatre
745,The Journey 744,Horror,2024,6.1,483557,55,Dubbed,Amazon Prime
746,Last Dream 745,Thriller,1945,5.3,415635,18,Dubbed,Netflix
747,Golden Story 746,Romance,1972,7.4,194552,22,Dubbed,Theatre
748,One Love 747,Romance,2023,5.1,87880,19,Hindi,Amazon Prime
749,A War 748,Horror,1970,6.2,474095,31,Dubbed,Netflix
750,Golden Game 749,Sci-Fi,1948,8.8,188295,47,Dubbed,Disney+
751,Dark Game 750,Comedy,2004,6.3,28976,72,Dubbed,Disney+
752,Silent Story 751,Comedy,1996,6.8,330895,62,Hindi,Theatre
753,A Journey 752,Action,2014,5,40760,33,Hindi,Disney+
754,Red Journey 753,Sci-Fi,2000,9.3,88271,1,Hindi,Disney+
755,Dark Game 754,Drama,1976,7.9,116692,26,English,Disney+
756,The Game 755,Thriller,2019,7.5,76363,95,Dubbed,Disney+
757,Silent Story 756,Comedy,1959,7.8,278111,83,Dubbed,Theatre
758,A Night 757,Comedy,2009,5.8,295160,14,Dubbed,Disney+
759,Silent Night 758,Horror,1955,8.7,447552,83,English,Theatre
760,Silent Night 759,Horror,1995,5.6,494747,19,Hindi,Theatre
761,A Journey 760,Thriller,1992,5.8,241171,31,Telugu,Disney+
762,One Journey 761,Horror,1982,9.5,217362,46,Tamil,Netflix
763,The Night 762,Drama,2003,8.1,295767,35,Hindi,Amazon Prime
764,Last War 763,Action,1982,8.9,470722,91,Hindi,Netflix
765,The Night 764,Comedy,1988,5.6,330398,97,Dubbed,Netflix
766,Last Night 765,Horror,2007,5.4,395528,46,Telugu,Theatre
767,Last World 766,Drama,2022,6.8,178296,39,English,Disney+
768,A Game 767,Sci-Fi,1985,7.7,90107,38,English,Theatre
769,The Night 768,Thriller,1991,5.6,94989,51,Dubbed,Theatre
770,Red World 769,Horror,1950,6.8,479018,9,Telugu,Amazon Prime
771,Last World 770,Action,1974,9.1,133106,59,Hindi,Amazon Prime
772,Dark Dream 771,Thriller,2007,7.3,120657,83,English,Theatre
773,One Dream 772,Horror,1956,6.2,1176,98,Dubbed,Netflix
774,One Night 773,Comedy,2021,8.6,266661,37,Telugu,Theatre
775,Golden Journey 774,Drama,2017,6.6,237002,63,Tamil,Netflix
776,Golden Game 775,Thriller,1946,7.1,369943,33,Telugu,Disney+
777,The Game 776,Romance,2018,7,389130,81,Hindi,Netflix
778,A Dream 777,Romance,2003,6.7,242048,40,Hindi,Amazon Prime
779,Silent World 778,Adventure,1995,5.4,76509,65,Hindi,Disney+
780,One World 779,Horror,2023,8.7,152954,75,Hindi,Theatre
781,A Game 780,Drama,1964,6.9,229789,84,English,Disney+
782,One Dream 781,Sci-Fi,1956,5.5,360617,93,Dubbed,Disney+
783,Red War 782,Horror,2006,5.7,496962,46,English,Amazon Prime
784,Red Love 783,Drama,2014,9.4,182601,7,Tamil,Amazon Prime
785,Red War 784,Drama,1972,7.9,381839,30,Hindi,Netflix
786,Golden Journey 785,Horror,1947,9.4,2313,97,Hindi,Netflix
787,One Night 786,Sci-Fi,1955,9.2,110985,34,Telugu,Amazon Prime
788,A War 787,Romance,1961,9.4,217357,7,English,Theatre
789,Last Game 788,Horror,1971,9.1,267867,85,Hindi,Amazon Prime
790,Red Journey 789,Drama,1996,8.6,318642,36,Hindi,Disney+
791,Red Night 790,Adventure,1984,7.3,434929,92,Dubbed,Disney+
792,The Night 791,Action,1986,6,256129,86,Tamil,Disney+
793,Golden Story 792,Horror,1972,6.3,194519,90,Tamil,Amazon Prime
794,One Story 793,Sci-Fi,1955,7,344921,4,Tamil,Netflix
795,A Story 794,Comedy,2003,5.4,151344,90,Tamil,Netflix
796,Last Love 795,Horror,2003,8,186668,17,Hindi,Amazon Prime
797,One Dream 796,Romance,2016,6.8,417958,74,Hindi,Netflix
798,A Game 797,Romance,1999,7.4,226042,88,Hindi,Amazon Prime
799,A Night 798,Sci-Fi,1997,9.4,487468,91,Dubbed,Amazon Prime
800,Golden World 799,Adventure,2023,5.6,255601,5,English,Disney+
801,The Night 800,Action,1959,7.6,219506,30,Dubbed,Netflix
802,The World 801,Adventure,1954,8.6,31109,40,Dubbed,Amazon Prime
803,Golden Dream 802,Horror,1959,7,143155,60,English,Netflix
804,Red Love 803,Thriller,1993,6.1,477389,98,English,Netflix
805,Golden Love 804,Comedy,1955,6.9,73309,88,Hindi,Theatre
806,Silent Love 805,Sci-Fi,1963,8.5,154817,86,Dubbed,Netflix
807,Silent Journey 806,Horror,1954,8.3,80150,50,Tamil,Theatre
808,One Love 807,Horror,1945,7.9,165239,74,Dubbed,Netflix
809,Dark Night 808,Action,1962,8.8,192516,70,Hindi,Theatre
810,Golden World 809,Adventure,1982,6,310971,39,English,Netflix
811,One Dream 810,Drama,1950,6.1,191815,94,Hindi,Amazon Prime
812,Last Journey 811,Romance,2012,9,351030,92,English,Theatre
813,One Night 812,Drama,2015,7,393516,61,Tamil,Theatre
814,Silent Dream 813,Romance,1999,5.9,80904,77,English,Netflix
815,Last Night 814,Horror,1982,6.1,356491,84,Tamil,Netflix
816,A Love 815,Comedy,1955,6,494407,54,Dubbed,Disney+
817,Dark War 816,Comedy,1990,6.3,380317,23,English,Theatre
818,One Dream 817,Adventure,2007,7.5,131928,68,Hindi,Disney+
819,Silent War 818,Drama,1962,5.9,479147,29,Dubbed,Disney+
820,Last Night 819,Comedy,1970,8.7,408703,63,Dubbed,Theatre
821,Silent Dream 820,Comedy,1996,7.7,329808,16,Telugu,Disney+
822,The War 821,Drama,1971,8.6,63780,22,English,Disney+
823,Golden Dream 822,Sci-Fi,1955,5.7,297252,33,English,Theatre
824,Red Dream 823,Adventure,2021,7.8,124974,43,Dubbed,Disney+
825,Dark Story 824,Drama,1970,6,291575,94,English,Amazon Prime
826,Last Journey 825,Drama,1988,6.1,325836,57,Hindi,Disney+
827,Golden World 826,Comedy,1956,9.3,75436,30,Tamil,Disney+
828,The World 827,Thriller,1947,7.9,426844,69,Hindi,Disney+
829,Silent Love 828,Thriller,1957,7.2,299620,61,English,Disney+
830,Dark Love 829,Thriller,1957,7,138352,86,Telugu,Theatre
831,Red Game 830,Drama,1976,7.9,215464,89,Dubbed,Netflix
832,Silent War 831,Sci-Fi,2024,7.3,91410,10,Hindi,Amazon Prime
833,Golden Dream 832,Sci-Fi,2024,6.7,350734,78,Dubbed,Amazon Prime
834,The Story 833,Drama,1954,6,194515,11,Tamil,Disney+
835,Red World 834,Drama,2002,7.6,375245,41,English,Netflix
836,Golden Journey 835,Comedy,2023,6.5,280447,40,Dubbed,Disney+
837,Golden World 836,Comedy,1962,6.1,103627,3,Telugu,Disney+
838,One War 837,Drama,2004,5.1,335814,23,Tamil,Amazon Prime
839,Golden Journey 838,Sci-Fi,2001,6.7,20563,17,Hindi,Disney+
840,Red Night 839,Romance,2000,6.6,277357,29,Hindi,Theatre
841,The Game 840,Adventure,1974,9.1,80219,51,Hindi,Amazon Prime
842,Dark Story 841,Action,2017,8,77369,89,Hindi,Amazon Prime
843,Dark War 842,Thriller,1983,7.3,71563,64,Dubbed,Amazon Prime
844,Red Game 843,Sci-Fi,1980,5.7,186971,21,Tamil,Amazon Prime
845,Golden War 844,Horror,1999,8.6,232780,89,Hindi,Netflix
846,One War 845,Comedy,1977,6.8,220317,68,English,Theatre
847,Dark Journey 846,Adventure,1999,7.5,136089,23,English,Theatre
848,The Night 847,Drama,1993,5.3,467720,45,Hindi,Netflix
849,Silent Love 848,Comedy,2008,5.7,5697,88,Dubbed,Theatre
850,Golden Journey 849,Action,1999,7.4,307816,7,Tamil,Disney+
851,Last War 850,Sci-Fi,2021,8.1,149480,65,Tamil,Disney+
852,Dark Love 851,Romance,2006,8.2,270035,100,Hindi,Amazon Prime
853,Silent War 852,Sci-Fi,1985,8.6,202666,17,Tamil,Disney+
854,Dark Night 853,Action,2011,7.1,360414,86,Telugu,Amazon Prime
855,Last Night 854,Romance,1953,9.1,311986,78,Dubbed,Netflix
856,Dark War 855,Romance,2021,7.2,46090,71,Hindi,Theatre
857,Last World 856,Adventure,1989,6.3,118268,57,Dubbed,Disney+
858,A Night 857,Drama,2012,6.5,392067,69,Telugu,Netflix
859,Dark Game 858,Adventure,1964,8,204663,28,Hindi,Amazon Prime
860,One Love 859,Action,2010,8.1,201302,35,Dubbed,Amazon Prime
861,Red Love 860,Horror,1951,7.3,114378,20,English,Theatre
862,Last Game 861,Adventure,2002,8.1,135174,21,Dubbed,Disney+
863,Silent Love 862,Sci-Fi,1955,6.6,478731,61,Hindi,Netflix
864,Last Story 863,Comedy,1995,8.3,161418,82,Hindi,Theatre
865,Last World 864,Action,1953,9.5,288058,96,Hindi,Disney+
866,Last World 865,Action,1981,6.2,311045,90,Dubbed,Netflix
867,Last Story 866,Sci-Fi,1989,7,124532,63,Hindi,Disney+
868,Last Story 867,Adventure,2002,6.3,333761,72,English,Netflix
869,The Story 868,Action,1958,7.2,251226,34,Dubbed,Amazon Prime
870,Golden War 869,Romance,1976,7.3,248256,32,Hindi,Theatre
871,Red Night 870,Horror,1979,7.3,379333,83,Telugu,Amazon Prime
872,One Game 871,Romance,1975,6.7,179522,65,English,Amazon Prime
873,Last Love 872,Drama,2008,6.8,101207,67,Hindi,Amazon Prime
874,Last Love 873,Romance,2018,8.2,41802,1,English,Netflix
875,Golden Dream 874,Drama,1955,9,103992,48,Tamil,Disney+
876,One Game 875,Comedy,1999,5.7,149306,32,Telugu,Disney+
877,Dark Journey 876,Action,2002,5.4,181334,94,Dubbed,Netflix
878,Silent Love 877,Comedy,1973,8.5,274420,39,Dubbed,Theatre
879,Dark Game 878,Romance,2013,8.9,93531,97,Hindi,Theatre
880,Dark Story 879,Action,1979,8.9,392443,93,Hindi,Netflix
881,The Night 880,Drama,1993,9.4,179566,19,Telugu,Theatre
882,One World 881,Drama,1992,8.8,235060,3,English,Disney+
883,Silent Game 882,Comedy,2014,9.5,257077,3,Tamil,Netflix
884,Golden Story 883,Sci-Fi,1949,9,348876,48,English,Netflix
885,Last War 884,Thriller,1963,5.6,280725,39,Hindi,Amazon Prime
886,One Game 885,Horror,1967,6,160712,22,English,Amazon Prime
887,Golden World 886,Comedy,1961,7.9,86859,4,Hindi,Theatre
888,The Love 887,Action,1983,5.4,81900,3,Dubbed,Disney+
889,Silent Story 888,Drama,1990,6.3,465096,65,Dubbed,Disney+
890,One Dream 889,Action,2000,6,267901,14,English,Disney+
891,Silent Night 890,Drama,1975,5.4,399945,19,Dubbed,Theatre
892,Dark War 891,Sci-Fi,1996,8.7,242245,68,English,Disney+
893,Golden Love 892,Action,1986,7.5,198818,74,English,Netflix
894,One Love 893,Action,1950,6.3,416426,97,English,Amazon Prime
895,Last World 894,Romance,1976,7.2,418505,27,Dubbed,Netflix
896,Red Game 895,Action,1963,9.1,202875,84,Tamil,Amazon Prime
897,Dark Journey 896,Horror,2007,6.1,485699,1,Dubbed,Amazon Prime
898,One War 897,Horror,2013,5.6,215668,59,English,Theatre
899,One Dream 898,Comedy,2003,8.4,357270,99,Tamil,Netflix
900,Last Story 899,Romance,1985,6.9,136359,28,English,Disney+
901,Dark Love 900,Thriller,1993,6.9,195800,73,Hindi,Theatre
902,Golden Story 901,Comedy,1964,8.5,263382,29,English,Amazon Prime
903,Red Game 902,Comedy,1951,7.2,356807,56,Tamil,Amazon Prime
904,Last Game 903,Drama,1996,5.5,208968,42,English,Disney+
905,Red War 904,Romance,1997,6.9,306629,7,Tamil,Disney+
906,Golden Journey 905,Drama,1985,9.2,484816,20,Hindi,Amazon Prime
907,Dark World 906,Drama,1949,7,185993,53,English,Amazon Prime
908,One Night 907,Romance,1962,5.7,486211,97,Hindi,Disney+
909,The World 908,Romance,2024,8.6,105999,71,Hindi,Theatre
910,Silent Night 909,Comedy,1957,5.9,140480,17,Hindi,Disney+
911,Golden Story 910,Sci-Fi,2019,8.2,42916,22,English,Netflix
912,The Love 911,Drama,1956,8.6,169690,52,Telugu,Amazon Prime
913,Silent Love 912,Drama,2018,8.1,392493,25,Telugu,Amazon Prime
914,Golden World 913,Horror,1979,7.1,327159,20,Dubbed,Theatre
915,Silent Love 914,Horror,1961,7,78877,74,English,Disney+
916,Golden War 915,Romance,1947,6.7,396005,77,English,Disney+
917,The World 916,Adventure,2003,9.1,297191,6,Hindi,Netflix
918,Golden Love 917,Adventure,1954,8,210719,18,English,Amazon Prime
919,Silent Journey 918,Horror,2016,7.7,339171,73,Hindi,Amazon Prime
920,Last Game 919,Drama,2010,5.9,451275,42,Hindi,Theatre
921,Silent Story 920,Romance,1961,6.3,385290,6,Telugu,Netflix
922,A Game 921,Comedy,1995,7.1,498709,29,Dubbed,Theatre
923,Last Night 922,Horror,2004,8.6,470179,24,English,Theatre
924,Silent Dream 923,Drama,1973,6.7,56626,100,Hindi,Theatre
925,One Game 924,Drama,1982,8.3,452851,36,English,Disney+
926,A Journey 925,Thriller,1988,8.6,242890,76,Hindi,Theatre
927,Dark Story 926,Sci-Fi,2020,5.2,169615,4,Hindi,Netflix
928,Silent Game 927,Adventure,1979,9,419789,15,Telugu,Netflix
929,Golden Love 928,Comedy,1969,5.6,339815,48,Dubbed,Disney+
930,Silent Game 929,Action,1963,6.3,153087,58,English,Netflix
931,Dark Story 930,Sci-Fi,1953,7,382752,15,Tamil,Theatre
932,Last Love 931,Horror,1999,9.2,60700,63,Telugu,Netflix
933,Last Dream 932,Comedy,1960,7.2,116332,33,Telugu,Amazon Prime
934,Dark Journey 933,Thriller,1947,5.4,465706,82,English,Disney+
935,The Game 934,Adventure,2006,5.8,449515,18,Telugu,Netflix
936,The Journey 935,Thriller,2008,5.8,222999,84,Telugu,Disney+
937,Red Love 936,Sci-Fi,1961,7.1,5370,85,Telugu,Theatre
938,Silent War 937,Romance,1951,5.8,80581,98,Dubbed,Theatre
939,Dark Love 938,Action,1954,6.7,172345,90,English,Amazon Prime
940,Golden Night 939,Thriller,1993,9.2,238076,54,Telugu,Theatre
941,A Love 940,Comedy,2010,6.1,408838,75,Telugu,Theatre
942,A Dream 941,Comedy,2002,8.4,196065,33,Tamil,Netflix
943,One Game 942,Thriller,1957,8.2,178306,75,Telugu,Netflix
944,Red Love 943,Horror,2024,5.4,364326,71,Dubbed,Netflix
945,Silent Love 944,Drama,1966,7,198485,62,Dubbed,Amazon Prime
946,Silent Dream 945,Sci-Fi,1963,9,147085,25,English,Theatre
947,Silent Night 946,Action,1974,5.5,360471,16,Dubbed,Amazon Prime
948,A Game 947,Drama,1986,5.5,498046,1,English,Disney+
949,Last Story 948,Comedy,1955,6.9,487826,62,English,Disney+
950,Golden War 949,Sci-Fi,1991,8.7,377770,51,Telugu,Netflix
951,Golden Love 950,Adventure,1971,7.7,52285,39,Tamil,Netflix
952,The Journey 951,Drama,1973,7,319876,88,Dubbed,Theatre
953,A Journey 952,Romance,1977,5.8,112266,59,Hindi,Netflix
954,One Night 953,Comedy,1993,5.2,155689,72,Dubbed,Disney+
955,Golden Game 954,Sci-Fi,2018,5.7,343140,87,Dubbed,Theatre
956,Golden Dream 955,Horror,1963,6.5,492169,84,Tamil,Netflix
957,A Dream 956,Horror,2003,7.2,81672,78,Hindi,Disney+
958,A Love 957,Horror,2009,8.2,291173,22,Tamil,Amazon Prime
959,A Journey 958,Sci-Fi,2016,7.7,223951,20,Telugu,Disney+
960,Dark Dream 959,Thriller,1986,5.8,28346,82,Hindi,Amazon Prime
961,The Story 960,Sci-Fi,1965,7.4,110501,7,Dubbed,Netflix
962,Dark Journey 961,Drama,2017,6.2,442947,39,Dubbed,Amazon Prime
963,Silent World 962,Romance,1952,5.7,1184,69,Tamil,Theatre
964,The World 963,Adventure,1981,9,102468,24,Tamil,Amazon Prime
965,A War 964,Sci-Fi,1946,8,187993,14,English,Disney+
966,Red Dream 965,Comedy,1947,5.8,12328,2,Hindi,Disney+
967,Silent Love 966,Action,1976,6.4,324516,93,Dubbed,Disney+
968,Golden Dream 967,Action,2017,6.3,273640,90,Dubbed,Netflix
969,One Story 968,Sci-Fi,1958,9.5,170020,20,Hindi,Netflix
970,A Game 969,Drama,1962,5.7,324795,83,Telugu,Disney+
971,Dark Love 970,Adventure,2022,5.2,332518,28,English,Netflix
972,Golden Dream 971,Adventure,2021,7.9,197277,41,English,Amazon Prime
973,Golden Love 972,Thriller,1973,5.1,113552,64,Dubbed,Disney+
974,Red Love 973,Drama,1972,7.6,197141,14,Dubbed,Amazon Prime
975,Red Dream 974,Sci-Fi,1970,8.8,185167,15,Telugu,Netflix
976,Golden Journey 975,Horror,1991,5.2,8469,72,Dubbed,Theatre
977,One Game 976,Action,2007,7.8,172701,97,English,Netflix
978,The Night 977,Sci-Fi,2008,5.8,48916,89,Hindi,Theatre
979,Red Journey 978,Thriller,1975,7.9,100172,42,English,Amazon Prime
980,A Love 979,Action,1961,7.6,229058,53,Telugu,Netflix
981,One Dream 980,Drama,1986,6.6,357239,96,Telugu,Amazon Prime
982,Dark Game 981,Action,1978,9.4,493011,46,Hindi,Disney+
983,Dark Dream 982,Comedy,2020,7.7,452871,77,Hindi,Amazon Prime
984,Dark Story 983,Sci-Fi,1946,6.9,337494,58,Hindi,Theatre
985,A Love 984,Sci-Fi,1992,7,92349,81,Dubbed,Amazon Prime
986,One World 985,Drama,2005,5.6,265220,68,English,Disney+
987,Last Night 986,Horror,2021,7.6,475087,74,English,Amazon Prime
988,A War 987,Drama,1949,8,48615,59,Hindi,Amazon Prime
989,Red Dream 988,Adventure,1986,9.1,105778,63,Hindi,Theatre
990,Silent Game 989,Sci-Fi,1949,5.6,161704,83,Dubbed,Amazon Prime
991,A Love 990,Comedy,1980,9.2,232413,66,Dubbed,Netflix
992,Red Journey 991,Drama,1953,9.1,437474,24,Tamil,Disney+
993,The Love 992,Comedy,1947,6,254277,70,Hindi,Disney+
994,Silent Love 993,Horror,1974,7,38828,79,Dubbed,Amazon Prime
995,Silent Journey 994,Adventure,1960,6,412990,47,Hindi,Theatre
996,Dark Love 995,Sci-Fi,1974,5.6,486567,82,Dubbed,Disney+
997,Golden Story 996,Drama,2005,6.1,419302,96,English,Disney+
998,Last Story 997,Horror,2017,6.4,344900,29,Hindi,Disney+
999,A World 998,Comedy,1961,7.9,29694,70,Tamil,Amazon Prime
1000,Last Night 999,Adventure,1979,8.4,209797,32,Hindi,Amazon Prime
1001,Last Storm 1001,Action,2007,6.1,74158,95,Hindi,HBO Max
1002,First Fire 1002,Mystery,2017,5.1,50123,28,Telugu,Apple TV+
1003,Forgotten Shadow 1003,Animation,2002,8.2,368696,70,Kannada,Disney+
1004,Wild Day 1004,Action,2000,8.1,179389,36,Tamil,Disney+
1005,Broken Storm 1005,Drama,2014,5.4,445331,45,Dubbed,Zee5
1006,The Journey 1006,Animation,1997,9.4,199461,11,Dubbed,Zee5
1007,Last Moon 1007,Mystery,2002,8.2,25025,85,Telugu,Zee5
1008,Rising Fire 1008,Romance,1996,6.7,238717,82,Malayalam,Disney+
1009,Broken Moon 1009,Romance,2007,8.2,359375,83,Hindi,Apple TV+
1010,Last Heart 1010,Animation,2005,5.7,199943,35,Telugu,HBO Max
1011,Broken Dream 1011,Romance,1992,8.6,211325,35,Hindi,Disney+
1012,Forgotten Star 1012,Romance,2021,6.8,480486,83,Bengali,Disney+
1013,Rising World 1013,Romance,2024,6.2,307491,55,Kannada,Amazon Prime
1014,Lost World 1014,Animation,2021,5.4,25702,15,Tamil,HBO Max
1015,Golden Legend 1015,Mystery,1994,6.7,313417,60,Dubbed,Apple TV+
1016,The Storm 1016,Fantasy,2024,8.4,403967,83,Malayalam,Netflix
1017,Rising Legend 1017,Comedy,2019,5,379584,93,Dubbed,Apple TV+
1018,Golden Storm 1018,Fantasy,2009,8.8,267161,78,Telugu,Disney+
1019,Broken Heart 1019,Animation,2023,9.1,315019,42,Bengali,Netflix
1020,Dark Moon 1020,Horror,2005,5.3,461329,73,Hindi,Netflix
1021,First Quest 1021,Drama,2024,8.4,68314,85,Bengali,Apple TV+
1022,Golden Day 1022,Animation,2017,9.3,488018,70,Telugu,HBO Max
1023,Rising Love 1023,Fantasy,2013,7,272358,58,Hindi,Disney+
1024,Lost Fire 1024,Sci-Fi,1991,7.6,121646,76,Telugu,Netflix
1025,Dark Dream 1025,Romance,1994,9.1,451696,43,Hindi,Apple TV+
1026,Lost Day 1026,Fantasy,2021,6,70369,93,Bengali,Disney+
1027,Wild Legend 1027,Romance,1996,5.4,226994,46,Kannada,Theatre
1028,Wild Dream 1028,Fantasy,1996,5.3,382793,44,Hindi,Disney+
1029,Lost Soul 1029,Animation,2018,5.6,97200,36,Bengali,Disney+
1030,Dark Journey 1030,Animation,1996,5.2,284423,2,Hindi,Zee5
1031,Lost Heart 1031,Thriller,2021,7.2,454325,52,English,Disney+
1032,Silent Shadow 1032,Thriller,2006,9.2,412633,59,Dubbed,Theatre
1033,First Quest 1033,Comedy,2002,6.3,31662,75,English,HBO Max
1034,Broken Dream 1034,Action,2020,7.3,448070,68,Tamil,Netflix
1035,Eternal Fire 1035,Comedy,1994,7.7,355005,31,Kannada,Netflix
1036,Forgotten Night 1036,Mystery,1992,7.8,220794,85,Malayalam,Amazon Prime
1037,Lost Star 1037,Romance,2006,6.8,353159,83,Dubbed,Theatre
1038,Broken Fire 1038,Action,2019,7.8,296170,13,Hindi,Apple TV+
1039,Lost Day 1039,Comedy,2012,9,461990,32,Malayalam,Amazon Prime
1040,Golden Journey 1040,Animation,2009,7.8,424152,84,English,HBO Max
1041,Eternal City 1041,Fantasy,1996,9.2,71407,34,Hindi,Netflix
1042,First World 1042,Horror,2008,7.7,377235,44,Telugu,HBO Max
1043,Last Day 1043,Animation,2021,6.1,477136,7,Hindi,HBO Max
1044,Silent Day 1044,Action,1990,6.5,69587,82,Dubbed,Disney+
1045,First Journey 1045,Animation,2017,7.5,59654,10,Tamil,Apple TV+
1046,The Moon 1046,Mystery,1999,6.9,22930,40,Malayalam,Zee5
1047,The Moon 1047,Romance,2005,8,186429,100,Kannada,Apple TV+
1048,First World 1048,Romance,2000,9.4,426077,23,Kannada,Netflix
1049,Golden Star 1049,Thriller,2005,6.2,413811,90,Hindi,Theatre
1050,The Quest 1050,Romance,2002,8.7,242331,45,Dubbed,Zee5
1051,Lost Night 1051,Action,2002,6.8,147068,9,Dubbed,Amazon Prime
1052,Last Love 1052,Fantasy,2024,6.5,15470,15,Dubbed,Disney+
1053,Forgotten Day 1053,Action,1996,7.7,182239,94,Malayalam,Theatre
1054,Forgotten Storm 1054,Thriller,2002,6.1,372607,56,English,Apple TV+
1055,Eternal Soul 1055,Sci-Fi,2017,5.3,349251,43,Malayalam,HBO Max
1056,Dark City 1056,Animation,2009,8,172013,52,Dubbed,Apple TV+
1057,Golden Soul 1057,Thriller,2014,8,474330,23,Dubbed,Theatre
1058,Eternal Shadow 1058,Horror,2008,5.9,412963,75,Malayalam,Theatre
1059,Wild Journey 1059,Fantasy,2003,7.3,417145,95,Tamil,HBO Max
1060,Dark City 1060,Animation,2011,5.4,394812,31,Dubbed,Disney+
1061,Lost World 1061,Action,1992,6.1,250108,79,Hindi,Theatre
1062,Silent Soul 1062,Biography,2014,7.2,128918,19,English,Zee5
1063,Dark Legend 1063,Romance,2001,8.6,365858,67,Bengali,Netflix
1064,Eternal Night 1064,Drama,2019,5.6,244606,86,Malayalam,Zee5
1065,Wild Legend 1065,Animation,2018,9,390889,61,Bengali,Amazon Prime
1066,Lost Day 1066,Animation,2021,7.8,144968,57,Hindi,HBO Max
1067,Rising Night 1067,Horror,2011,6.4,284195,11,Tamil,Disney+
1068,Lost Love 1068,Biography,1999,8.2,34674,54,Kannada,Amazon Prime
1069,Eternal Journey 1069,Thriller,1993,5.9,221276,50,English,Zee5
1070,Forgotten Love 1070,Adventure,1990,9.2,157559,97,Kannada,Zee5
1071,Silent Night 1071,Adventure,2004,6.2,255616,4,Kannada,Amazon Prime
1072,Last Love 1072,Biography,2000,8.8,483104,17,English,Theatre
1073,Forgotten Shadow 1073,Drama,2017,5.6,243062,24,English,Amazon Prime
1074,Silent Star 1074,Romance,2019,6.5,400103,49,Dubbed,Zee5
1075,Silent Day 1075,Drama,2020,5.1,283810,7,Malayalam,Disney+
1076,Last Fire 1076,Fantasy,1992,8.4,498870,32,Telugu,Zee5
1077,The World 1077,Romance,1998,7.1,60973,73,Telugu,Theatre
1078,First Day 1078,Sci-Fi,2000,7.7,393128,92,Hindi,Zee5
1079,Golden City 1079,Drama,1991,9.2,302883,87,Kannada,Theatre
1080,First Soul 1080,Drama,2005,5.5,406002,39,Hindi,Zee5
1081,Forgotten Dream 1081,Sci-Fi,2024,6.9,195285,9,Malayalam,Netflix
1082,Silent Quest 1082,Drama,2017,9.3,334229,59,Tamil,Theatre
1083,Golden Day 1083,Mystery,2024,8.5,244727,56,Dubbed,Amazon Prime
1084,Lost Fire 1084,Horror,2018,6.1,244641,73,Kannada,Amazon Prime
1085,The Quest 1085,Sci-Fi,2001,7.2,187030,34,Malayalam,Amazon Prime
1086,Forgotten Day 1086,Animation,1990,7.3,101168,11,Telugu,HBO Max
1087,Silent Quest 1087,Animation,2005,8.1,339639,92,Bengali,Theatre
1088,The Fire 1088,Horror,2004,6.8,128561,40,Malayalam,Theatre
1089,Eternal Moon 1089,Thriller,2011,6.6,238893,35,Dubbed,Amazon Prime
1090,Lost Storm 1090,Biography,2002,6.4,390483,69,Tamil,Disney+
1091,Lost Quest 1091,Horror,2023,7.7,53704,25,Dubbed,Disney+
1092,Broken Heart 1092,Horror,1990,8.2,67365,36,English,Netflix
1093,Eternal City 1093,Biography,1998,7.9,395679,63,Hindi,Zee5
1094,The City 1094,Adventure,2020,7,97659,7,Dubbed,Zee5
1095,Wild Storm 1095,Drama,2015,7.2,303525,81,English,Disney+
1096,Golden City 1096,Drama,2005,5.5,401788,54,Telugu,Zee5
1097,Eternal Love 1097,Adventure,2018,6.3,309556,55,Dubbed,Apple TV+
1098,Forgotten Dream 1098,Mystery,1996,9.3,109940,81,Telugu,Amazon Prime
1099,Last Fire 1099,Comedy,2005,5.8,40355,21,English,Theatre
1100,Wild Quest 1100,Horror,1992,6,371648,37,Bengali,Netflix
1101,Last Night 1101,Horror,2002,6.9,286507,29,Tamil,Amazon Prime
1102,Golden Fire 1102,Action,2000,8.6,312974,96,Dubbed,Theatre
1103,Dark Journey 1103,Biography,2009,8.1,495233,35,Bengali,Theatre
1104,Dark Dream 1104,Thriller,2010,7.7,14560,12,Telugu,HBO Max
1105,Forgotten Shadow 1105,Fantasy,2007,7.6,401088,97,Tamil,Theatre
1106,Eternal Journey 1106,Horror,2001,9.5,229529,82,Bengali,Netflix
1107,Wild Moon 1107,Thriller,2011,6.4,55840,21,Malayalam,Theatre
1108,First Quest 1108,Horror,2015,8.7,289409,5,Bengali,Netflix
1109,Broken Day 1109,Sci-Fi,1997,9.4,212904,66,English,HBO Max
1110,Eternal Journey 1110,Thriller,1993,5.8,190676,80,Bengali,HBO Max
1111,Wild Dream 1111,Romance,2007,7.5,487367,37,Bengali,HBO Max
1112,Wild Storm 1112,Action,2005,8.2,163922,71,English,Apple TV+
1113,Silent Fire 1113,Romance,1997,7.1,62586,83,Tamil,Theatre
1114,First City 1114,Animation,2007,6.9,253968,61,Telugu,Theatre
1115,Eternal World 1115,Thriller,2002,9.1,267464,96,Tamil,Zee5
1116,Dark Day 1116,Thriller,2011,9.2,267200,35,English,Amazon Prime
1117,First City 1117,Mystery,2021,8.9,235119,69,Bengali,Amazon Prime
1118,Broken Love 1118,Adventure,2010,8.9,366690,31,Kannada,Disney+
1119,Silent Dream 1119,Sci-Fi,2020,8.2,426411,49,Kannada,HBO Max
1120,Last World 1120,Adventure,1992,5.6,310424,43,Hindi,Zee5
1121,Wild Storm 1121,Animation,2019,5.1,76578,53,Tamil,Netflix
1122,Wild Day 1122,Sci-Fi,2015,7.9,447570,43,Kannada,Amazon Prime
1123,Last Quest 1123,Animation,1992,7.8,124087,81,Dubbed,Disney+
1124,First Fire 1124,Thriller,1996,8.4,370041,13,Bengali,Disney+
1125,First City 1125,Action,1992,6.5,30422,38,Malayalam,Amazon Prime
1126,Silent World 1126,Romance,2023,6.9,358459,24,Tamil,Disney+
1127,Dark Love 1127,Mystery,2005,7.2,306742,19,Telugu,Theatre
1128,Last Day 1128,Adventure,2006,8,472286,60,Dubbed,HBO Max
1129,Eternal Heart 1129,Drama,2018,9.3,309056,39,Kannada,HBO Max
1130,Rising Journey 1130,Horror,2002,9.5,448393,62,Hindi,Disney+
1131,Silent Moon 1131,Mystery,2008,9.5,155785,3,Kannada,Amazon Prime
1132,The Dream 1132,Mystery,2021,8.7,474397,37,Telugu,Apple TV+
1133,Broken Night 1133,Fantasy,2002,7.8,356343,97,Tamil,HBO Max
1134,Dark Dream 1134,Horror,2018,5.2,192292,94,Tamil,Netflix
1135,Rising Star 1135,Biography,2016,5.8,70289,70,Malayalam,Apple TV+
1136,Eternal Day 1136,Comedy,2006,9.1,496026,62,Dubbed,HBO Max
1137,Broken Storm 1137,Adventure,1994,5.6,119287,87,Kannada,Zee5
1138,Eternal Moon 1138,Drama,2015,5.1,282318,16,Bengali,Amazon Prime
1139,Last Day 1139,Mystery,2014,8.7,493983,48,Hindi,HBO Max
1140,Lost Quest 1140,Action,2010,9.1,117060,83,Hindi,HBO Max
1141,Wild City 1141,Fantasy,2016,5.5,24774,5,Dubbed,Theatre
1142,Dark Storm 1142,Romance,2024,5.6,238839,48,Kannada,Apple TV+
1143,First World 1143,Thriller,1996,8.8,323779,53,Dubbed,Netflix
1144,First Moon 1144,Romance,2018,7,124791,47,Hindi,HBO Max
1145,Broken Moon 1145,Action,2015,6.2,65046,59,Hindi,HBO Max
1146,Lost Shadow 1146,Action,2011,6.1,67020,73,Telugu,Netflix
1147,Eternal Soul 1147,Mystery,2003,8.7,123158,43,Tamil,Zee5
1148,Forgotten Shadow 1148,Horror,1999,9.4,284228,33,Tamil,Netflix
1149,Last Shadow 1149,Comedy,1990,6.6,414365,31,Malayalam,Netflix
1150,Golden Day 1150,Action,1998,8.3,276820,15,Hindi,Theatre
1151,Wild Moon 1151,Animation,1996,7,117155,79,English,HBO Max
1152,Last City 1152,Adventure,1991,5.3,252124,52,Kannada,HBO Max
1153,Dark Quest 1153,Biography,2018,5.3,43357,42,Tamil,Netflix
1154,Golden Day 1154,Mystery,2010,6.7,314205,68,Dubbed,Theatre
1155,Eternal Legend 1155,Drama,1997,8.8,342267,99,Telugu,Theatre
1156,Wild Night 1156,Thriller,2011,8.7,210049,54,Hindi,Amazon Prime
1157,Silent Star 1157,Fantasy,2006,6.7,81026,88,Bengali,Netflix
1158,Dark Fire 1158,Drama,2017,5.4,388341,48,Tamil,Apple TV+
1159,The Star 1159,Fantasy,1997,6.8,459021,86,Kannada,Zee5
1160,First Dream 1160,Horror,2009,6.6,303995,65,Telugu,Disney+
1161,Last Quest 1161,Romance,1996,6.6,292643,48,Hindi,Zee5
1162,Rising Night 1162,Thriller,1991,7.7,345893,89,Dubbed,Netflix
1163,Golden Day 1163,Biography,2009,9.1,185037,1,Tamil,Zee5
1164,Golden Love 1164,Drama,1999,8.3,17073,12,Telugu,Theatre
1165,Silent Journey 1165,Sci-Fi,2000,6.7,379324,42,Hindi,Netflix
1166,Golden Heart 1166,Mystery,1993,8,143660,57,Kannada,Theatre
1167,Forgotten Journey 1167,Thriller,2007,6,269617,15,Malayalam,Theatre
1168,Dark City 1168,Fantasy,2021,7.4,162700,6,Telugu,Theatre
1169,Forgotten Dream 1169,Action,2003,6.4,111747,99,Tamil,Zee5
1170,Rising City 1170,Sci-Fi,1997,5,392650,56,Tamil,Disney+
1171,Silent Night 1171,Animation,2012,5.3,452812,95,English,Theatre
1172,The Journey 1172,Drama,2010,7.6,301626,52,Kannada,Amazon Prime
1173,Dark Love 1173,Action,2010,5.8,497822,80,Bengali,Zee5
1174,First Moon 1174,Drama,2017,8.8,128567,56,Kannada,Apple TV+
1175,Dark Love 1175,Horror,2011,6,409482,22,Hindi,Apple TV+
1176,Last Storm 1176,Animation,2022,5.9,407967,45,Malayalam,HBO Max
1177,Last World 1177,Romance,1996,5.7,104427,23,Tamil,Zee5
1178,Last Fire 1178,Comedy,2021,7.1,296559,98,Bengali,HBO Max
1179,Forgotten Star 1179,Fantasy,2010,5.7,36801,61,Bengali,HBO Max
1180,Rising Day 1180,Mystery,1993,6.6,39897,40,Bengali,Theatre
1181,The Dream 1181,Sci-Fi,2008,5.3,454115,12,Kannada,Theatre
1182,Forgotten Dream 1182,Adventure,2002,6.4,250366,65,Tamil,Netflix
1183,Wild Storm 1183,Sci-Fi,1995,7.3,91470,6,Telugu,HBO Max
1184,Wild Journey 1184,Animation,2023,7.7,191787,48,Dubbed,Theatre
1185,Silent Star 1185,Fantasy,1993,8.6,340374,43,Hindi,Amazon Prime
1186,Dark Love 1186,Horror,2006,8.3,345228,78,Tamil,Amazon Prime
1187,Dark World 1187,Sci-Fi,2009,9.4,367204,85,Kannada,Disney+
1188,Forgotten Fire 1188,Horror,2014,7.9,173216,17,Hindi,HBO Max
1189,Last Legend 1189,Animation,2013,5.1,162934,24,Telugu,Amazon Prime
1190,Wild Soul 1190,Romance,1998,5.7,156080,13,English,HBO Max
1191,Broken World 1191,Mystery,2014,5.7,95815,89,Tamil,HBO Max
1192,Wild Dream 1192,Thriller,2013,8,125534,57,Dubbed,Zee5
1193,First Journey 1193,Romance,2024,6.1,424951,61,Telugu,Amazon Prime
1194,Last Journey 1194,Adventure,2008,8.5,264667,68,Kannada,Disney+
1195,Lost World 1195,Horror,1993,7.9,459289,48,Hindi,HBO Max
1196,Eternal Storm 1196,Horror,1995,8.4,144021,58,Tamil,Zee5
1197,Silent Fire 1197,Romance,2018,9,488835,4,Kannada,Netflix
1198,Silent Moon 1198,Romance,2014,9.5,197562,29,English,Amazon Prime
1199,Dark Star 1199,Comedy,1998,5.2,481979,61,Tamil,Zee5
1200,First Quest 1200,Adventure,1990,9.1,10963,33,Telugu,Zee5
1201,Golden Legend 1201,Drama,2008,6.1,64883,7,Telugu,Theatre
1202,Last Journey 1202,Drama,1997,8.8,263054,77,English,HBO Max
1203,Eternal Night 1203,Biography,1999,6.3,1820,79,Malayalam,Disney+
1204,Forgotten Legend 1204,Comedy,1995,7.4,190060,9,English,Theatre
1205,Wild Dream 1205,Fantasy,2014,9.4,133985,96,English,Amazon Prime
1206,Dark Moon 1206,Romance,1996,8.5,386449,97,Malayalam,Disney+
1207,The Moon 1207,Animation,2011,8.7,92797,100,Bengali,HBO Max
1208,Wild Heart 1208,Comedy,1994,8.2,495720,59,English,Amazon Prime
1209,Lost Dream 1209,Romance,1992,6.4,163569,66,Kannada,Zee5
1210,Eternal Quest 1210,Horror,1992,8.4,101193,37,Malayalam,Zee5
1211,The Star 1211,Horror,1997,8.6,230088,52,Bengali,Theatre
1212,Broken Heart 1212,Adventure,2021,6.7,419010,67,Dubbed,Zee5
1213,Dark Legend 1213,Drama,2017,7.7,432143,24,Dubbed,Amazon Prime
1214,Dark Fire 1214,Sci-Fi,2008,6.4,316947,92,Kannada,Disney+
1215,First Journey 1215,Sci-Fi,2018,5.2,457150,46,Kannada,Amazon Prime
1216,Last Dream 1216,Drama,2015,6.6,421005,96,Tamil,Netflix
1217,Golden Journey 1217,Action,1998,5.3,409166,83,Malayalam,Amazon Prime
1218,Silent Dream 1218,Mystery,1999,8.1,498456,48,Malayalam,Theatre
1219,Dark World 1219,Animation,2013,6.8,341556,36,Telugu,Netflix
1220,The Heart 1220,Adventure,2023,6.7,295478,16,Dubbed,Zee5
1221,Rising Journey 1221,Romance,2008,8.1,258530,26,Hindi,Disney+
1222,Dark Journey 1222,Comedy,2018,9.5,425942,88,Malayalam,HBO Max
1223,Broken Fire 1223,Animation,2024,6.3,158263,21,Tamil,Zee5
1224,Broken Night 1224,Drama,2002,8.6,125117,64,English,Amazon Prime
1225,Eternal Moon 1225,Adventure,1998,7.8,46201,9,Dubbed,Theatre
1226,First Quest 1226,Animation,2016,8.5,432666,74,Hindi,Disney+
1227,Broken Fire 1227,Adventure,2019,8.1,181624,17,Tamil,Zee5
1228,Golden Legend 1228,Animation,1993,8.7,272634,20,Dubbed,Disney+
1229,Golden Star 1229,Biography,2004,6.6,494304,67,Dubbed,Zee5
1230,Dark Day 1230,Romance,2007,5.6,159767,79,Hindi,Apple TV+
1231,Last Heart 1231,Mystery,1999,5.8,328406,93,Malayalam,Zee5
1232,Forgotten Dream 1232,Action,1995,5.2,337306,99,Dubbed,HBO Max
1233,Lost Legend 1233,Mystery,1991,7.2,329814,70,Dubbed,HBO Max
1234,Rising Quest 1234,Romance,2015,6.3,39258,89,English,Disney+
1235,Wild Legend 1235,Adventure,2019,5.9,319064,19,Malayalam,Zee5
1236,First Star 1236,Biography,2012,9.4,69559,98,Malayalam,Apple TV+
1237,Eternal Storm 1237,Sci-Fi,2005,7.1,141232,58,Telugu,Disney+
1238,Dark Dream 1238,Horror,2014,8.9,220223,32,Tamil,Zee5
1239,Broken Star 1239,Romance,2000,7.2,270864,60,Bengali,Amazon Prime
1240,Wild Shadow 1240,Drama,2015,7.3,127211,28,Malayalam,Netflix
1241,The City 1241,Adventure,2020,6.3,5287,14,Kannada,Disney+
1242,Rising Moon 1242,Thriller,2013,5.2,27821,73,Telugu,Amazon Prime
1243,Eternal City 1243,Drama,2014,7.3,401767,71,Dubbed,Zee5
1244,Forgotten Storm 1244,Comedy,1996,6.8,417755,44,Malayalam,Zee5
1245,Golden Soul 1245,Mystery,2022,6.8,22105,6,English,Disney+
1246,First Star 1246,Adventure,2023,7.1,318855,66,Tamil,Amazon Prime
1247,Forgotten Star 1247,Comedy,2015,9.5,388616,39,Malayalam,Apple TV+
1248,Eternal Quest 1248,Biography,2009,7.1,9722,48,Malayalam,HBO Max
1249,Dark Legend 1249,Mystery,2009,8.6,381278,89,English,Apple TV+
1250,Wild Day 1250,Fantasy,2004,8.2,306934,62,Tamil,Apple TV+
1251,Last Love 1251,Comedy,2005,5.1,498132,90,Hindi,Disney+
1252,The Journey 1252,Sci-Fi,2016,5.7,363021,27,Kannada,Apple TV+
1253,Forgotten Quest 1253,Biography,1993,8.2,272939,27,Malayalam,HBO Max
1254,Wild Love 1254,Sci-Fi,2001,7.1,280512,44,Malayalam,HBO Max
1255,First Day 1255,Mystery,2020,5.9,130247,36,Dubbed,Disney+
1256,Rising City 1256,Biography,2003,8.1,257378,41,Bengali,Amazon Prime
1257,Eternal Day 1257,Horror,1997,7.6,285788,49,Kannada,Zee5
1258,Broken World 1258,Horror,1992,6.3,375415,11,Malayalam,Theatre
1259,Last Day 1259,Biography,2020,6,435085,69,Dubbed,Apple TV+
1260,First Day 1260,Comedy,1996,7.8,308668,31,Telugu,Netflix
1261,Last Night 1261,Fantasy,2004,5.2,217688,43,Bengali,Netflix
1262,Last World 1262,Action,2000,6.8,491226,61,Bengali,HBO Max
1263,Lost City 1263,Sci-Fi,2008,7.9,477020,99,Hindi,HBO Max
1264,Forgotten Night 1264,Animation,1992,9.1,92784,54,Tamil,Netflix
1265,Silent Quest 1265,Comedy,2008,8.9,5858,39,Hindi,Amazon Prime
1266,Rising Journey 1266,Fantasy,2024,7.4,467228,18,Bengali,Amazon Prime
1267,Lost Storm 1267,Sci-Fi,2000,8.3,340888,33,Tamil,Netflix
1268,First Star 1268,Horror,2002,5.8,449867,82,Kannada,Zee5
1269,Silent Star 1269,Drama,2015,8,97878,18,Bengali,Amazon Prime
1270,Lost Shadow 1270,Horror,2014,6.1,396185,35,Malayalam,Amazon Prime
1271,Forgotten Shadow 1271,Horror,2013,8.1,33571,86,Hindi,Theatre
1272,Rising Heart 1272,Thriller,2022,9.2,466463,91,Dubbed,HBO Max
1273,Dark City 1273,Sci-Fi,2004,6,71028,62,Tamil,Theatre
1274,First Moon 1274,Thriller,2020,8.4,421476,86,Telugu,Zee5
1275,Lost Fire 1275,Animation,2018,7.4,190679,10,Hindi,Netflix
1276,Eternal Soul 1276,Mystery,2024,5.7,173028,67,Bengali,Netflix
1277,Last Soul 1277,Biography,2021,5.4,268583,58,English,Theatre
1278,Golden Legend 1278,Adventure,1993,7.5,353724,40,English,Theatre
1279,Rising Shadow 1279,Biography,2003,7.6,24744,55,Malayalam,HBO Max
1280,Dark Dream 1280,Drama,2020,5.1,215364,24,Tamil,Zee5
1281,Last Legend 1281,Sci-Fi,2014,7,481832,49,Kannada,Netflix
1282,Last World 1282,Fantasy,2012,5.5,282678,51,Tamil,HBO Max
1283,Lost Shadow 1283,Action,2009,7.1,378012,70,Kannada,Apple TV+
1284,Silent Night 1284,Romance,2019,6.6,145519,25,Hindi,Netflix
1285,Last Legend 1285,Mystery,1991,6.1,36279,13,English,Theatre
1286,Forgotten Dream 1286,Romance,1992,6.8,123861,70,Telugu,Zee5
1287,The World 1287,Animation,2008,6.1,481455,94,Malayalam,Apple TV+
1288,Forgotten Star 1288,Romance,2009,8.9,347141,67,Telugu,Theatre
1289,Rising Day 1289,Action,2001,7.8,224976,72,Bengali,Netflix
1290,Broken Love 1290,Animation,2010,8.1,215045,20,Dubbed,Theatre
1291,Golden Quest 1291,Romance,2004,6.4,371974,19,Bengali,Netflix
1292,Eternal Legend 1292,Thriller,2023,5.6,128327,33,Telugu,Amazon Prime
1293,Last Fire 1293,Adventure,2013,5.4,380891,25,English,Amazon Prime
1294,Silent Dream 1294,Drama,2002,8.6,309063,93,Telugu,Theatre
1295,Lost Star 1295,Horror,1990,6,100627,95,Hindi,HBO Max
1296,Wild Night 1296,Biography,2003,6.8,126478,71,Malayalam,Zee5
1297,Rising Love 1297,Adventure,2024,7.9,162702,34,Malayalam,Apple TV+
1298,Wild Journey 1298,Drama,2020,8.4,168894,27,Malayalam,Amazon Prime
1299,Silent Dream 1299,Mystery,2004,8.3,9503,34,Kannada,Amazon Prime
1300,Golden Soul 1300,Sci-Fi,2004,6.7,437922,32,Bengali,Apple TV+
1301,Last Star 1301,Horror,2021,9.3,337432,95,Bengali,Theatre
1302,Golden Moon 1302,Comedy,1998,8.2,257018,24,English,Apple TV+
1303,The Fire 1303,Fantasy,1993,8.4,217212,18,Telugu,Netflix
1304,First World 1304,Action,2003,7.3,196664,8,Bengali,HBO Max
1305,Wild Shadow 1305,Action,2024,7.5,7213,3,Dubbed,Apple TV+
1306,Rising Shadow 1306,Animation,2017,8.6,477983,23,Hindi,Netflix
1307,Eternal World 1307,Romance,2002,7.8,133339,46,Dubbed,Zee5
1308,Silent Fire 1308,Sci-Fi,2015,7.1,128510,90,Telugu,Amazon Prime
1309,Last Fire 1309,Fantasy,1992,5.4,199843,49,Bengali,Netflix
1310,Last Shadow 1310,Biography,2000,5.4,444196,56,Malayalam,Apple TV+
1311,Dark Dream 1311,Romance,2003,9.1,363958,73,Bengali,Amazon Prime
1312,The Fire 1312,Fantasy,2007,9,296441,85,English,Disney+
1313,Broken Shadow 1313,Romance,1999,8.4,374666,51,Hindi,Amazon Prime
1314,Golden Night 1314,Mystery,2014,8,284410,43,Kannada,Zee5
1315,First World 1315,Biography,1995,7.3,182329,7,Hindi,Theatre
1316,Lost Fire 1316,Sci-Fi,2015,9.4,172115,4,Dubbed,Zee5
1317,Wild Quest 1317,Romance,2012,7.5,197831,56,Tamil,HBO Max
1318,Forgotten Love 1318,Drama,2008,8.6,374874,10,Hindi,Amazon Prime
1319,Golden Love 1319,Biography,1999,8.3,167030,47,Hindi,Netflix
1320,The City 1320,Adventure,2013,8.4,54598,17,Hindi,Disney+
1321,Silent Journey 1321,Animation,2022,6.8,14768,12,Malayalam,Apple TV+
1322,Dark Star 1322,Thriller,1990,6.3,204318,100,Hindi,HBO Max
1323,Eternal Night 1323,Mystery,2023,5.8,200613,22,Tamil,Amazon Prime
1324,Rising Day 1324,Adventure,1999,5.3,228895,36,Kannada,Amazon Prime
1325,Wild Fire 1325,Sci-Fi,2006,9.2,378958,81,Bengali,Apple TV+
1326,Forgotten Soul 1326,Adventure,1996,5.6,4548,51,Malayalam,Zee5
1327,Forgotten Love 1327,Sci-Fi,2018,6.5,428544,84,Tamil,Amazon Prime
1328,Broken Soul 1328,Adventure,2010,5.8,209792,41,Dubbed,HBO Max
1329,First Quest 1329,Mystery,2005,6.5,147958,51,Malayalam,Netflix
1330,Forgotten Soul 1330,Mystery,2024,5.8,403452,71,English,HBO Max
1331,Wild Soul 1331,Adventure,2008,8.7,37259,53,Bengali,Disney+
1332,Last City 1332,Romance,2006,8,375989,55,Kannada,Netflix
1333,Wild Quest 1333,Mystery,2015,7.4,485177,89,Kannada,Apple TV+
1334,The Moon 1334,Biography,2024,7.7,480409,11,Hindi,Zee5
1335,Lost Moon 1335,Comedy,1992,7.5,339182,87,Kannada,Zee5
1336,Broken Legend 1336,Drama,1990,5.4,117392,66,Telugu,Theatre
1337,Broken Love 1337,Adventure,2022,5.7,13877,62,Hindi,Amazon Prime
1338,Silent Fire 1338,Drama,1999,6.6,180865,59,Telugu,Apple TV+
1339,Wild Moon 1339,Adventure,1996,7,366304,58,Malayalam,Netflix
1340,Rising Dream 1340,Biography,1997,5.1,180871,83,Hindi,HBO Max
1341,Golden Night 1341,Animation,2001,7.5,174533,72,Kannada,Theatre
1342,Lost Love 1342,Fantasy,2001,5.8,345618,56,Kannada,Netflix
1343,First Soul 1343,Adventure,2017,6.7,370484,28,Telugu,Amazon Prime
1344,First Fire 1344,Mystery,1996,8.6,282484,24,Malayalam,Amazon Prime
1345,Lost Journey 1345,Drama,2006,8,257630,68,Malayalam,Apple TV+
1346,Silent Love 1346,Mystery,1997,6.6,444294,59,Tamil,Zee5
1347,Last City 1347,Mystery,1995,8,165199,16,Telugu,Amazon Prime
1348,Dark Heart 1348,Sci-Fi,1999,7.3,220277,77,Tamil,Apple TV+
1349,Silent Legend 1349,Comedy,2021,7.9,364558,83,Tamil,Apple TV+
1350,Golden Quest 1350,Horror,1998,5.8,442442,58,English,Zee5
1351,Broken Shadow 1351,Adventure,1998,5.9,202297,72,Bengali,Theatre
1352,Last Quest 1352,Thriller,2018,7.2,44343,73,English,Zee5
1353,Lost City 1353,Action,2007,6,152346,22,Bengali,Apple TV+
1354,First Quest 1354,Animation,2022,5.5,60877,35,Malayalam,Apple TV+
1355,The Journey 1355,Animation,2003,9.5,54695,95,Telugu,Amazon Prime
1356,The Journey 1356,Horror,2012,8.9,46604,57,Hindi,Zee5
1357,Lost Soul 1357,Biography,2012,8.9,320952,81,Kannada,Disney+
1358,Forgotten World 1358,Romance,2003,8.6,299883,45,Dubbed,Apple TV+
1359,Eternal Heart 1359,Sci-Fi,2008,6.3,141164,66,Hindi,Disney+
1360,Silent Dream 1360,Horror,1998,8.2,70568,32,Tamil,HBO Max
1361,Broken Night 1361,Fantasy,2015,7.2,303737,81,Dubbed,HBO Max
1362,Silent Love 1362,Adventure,1994,7.9,462439,99,Hindi,Theatre
1363,Eternal Day 1363,Biography,2013,7,256875,42,English,Zee5
1364,First Fire 1364,Biography,2019,7.9,366580,46,Hindi,Zee5
1365,Eternal Love 1365,Romance,2017,8.7,260373,35,Malayalam,Zee5
1366,Rising Star 1366,Animation,1998,7.5,255456,44,English,Netflix
1367,Dark Journey 1367,Action,1997,9.2,83828,57,Bengali,Netflix
1368,Silent Soul 1368,Biography,1998,9,159264,21,Dubbed,Netflix
1369,Last Moon 1369,Horror,1995,6.7,474851,84,Tamil,Netflix
1370,Silent City 1370,Biography,2004,6.9,48814,91,Hindi,Netflix
1371,Lost Quest 1371,Drama,1998,7.7,273338,88,Bengali,Netflix
1372,The Star 1372,Drama,2017,8.1,251452,10,Telugu,Theatre
1373,Dark Storm 1373,Drama,2010,6.7,157895,18,Kannada,Zee5
1374,Golden World 1374,Drama,2023,7.5,320983,84,Tamil,Theatre
1375,Broken Soul 1375,Fantasy,1999,9.1,324001,88,Bengali,Zee5
1376,Lost Fire 1376,Drama,1998,8.4,310106,94,Kannada,Amazon Prime
1377,Silent Star 1377,Comedy,2005,6.2,45170,32,Dubbed,Zee5
1378,First Shadow 1378,Fantasy,2009,5.9,319204,66,Telugu,HBO Max
1379,Silent City 1379,Fantasy,1993,8.5,417168,31,Bengali,Theatre
1380,Dark Night 1380,Adventure,1994,7.4,7326,47,Malayalam,Disney+
1381,Silent Legend 1381,Sci-Fi,2024,8.1,400888,61,Hindi,Netflix
1382,Forgotten Fire 1382,Action,2006,6,484697,8,Kannada,Apple TV+
1383,Rising Legend 1383,Thriller,2015,5.4,282314,69,Tamil,Amazon Prime
1384,Dark City 1384,Drama,2022,9.1,424656,20,Malayalam,Theatre
1385,Forgotten Fire 1385,Horror,2017,8.3,444793,31,English,Disney+
1386,Dark Legend 1386,Drama,2019,7.8,29850,40,Tamil,Netflix
1387,The World 1387,Biography,1990,5.7,182773,67,Dubbed,Disney+
1388,Broken World 1388,Biography,2007,8.3,62895,99,English,Amazon Prime
1389,Silent Day 1389,Animation,1994,6.2,303331,81,Hindi,Theatre
1390,Wild Moon 1390,Action,2021,8.9,88493,48,Tamil,Amazon Prime
1391,Dark Storm 1391,Romance,2022,5,451200,2,Telugu,Netflix
1392,Wild Moon 1392,Thriller,1999,5.8,450569,5,Kannada,Disney+
1393,Broken Night 1393,Thriller,2010,6.2,41835,74,Malayalam,Netflix
1394,Eternal Dream 1394,Comedy,2004,8.6,25079,52,Hindi,Theatre
1395,Rising City 1395,Sci-Fi,1995,7.5,5178,48,Telugu,Amazon Prime
1396,Forgotten City 1396,Biography,2005,7.1,311216,64,Telugu,HBO Max
1397,Eternal Night 1397,Comedy,1990,9.2,13535,30,Malayalam,HBO Max
1398,First Shadow 1398,Sci-Fi,1990,8.4,198276,95,Dubbed,Netflix
1399,Lost Night 1399,Thriller,2021,9.3,75644,92,Dubbed,Netflix
1400,The Night 1400,Animation,2016,8.2,196293,59,Hindi,Apple TV+
1401,Dark World 1401,Fantasy,2015,5.3,298701,8,Kannada,HBO Max
1402,Golden Night 1402,Horror,2006,8.8,486512,51,Malayalam,Amazon Prime
1403,Wild Day 1403,Romance,1994,9.2,72361,100,Hindi,Disney+
1404,Dark Heart 1404,Adventure,2019,6.4,64300,69,Malayalam,Zee5
1405,Lost Journey 1405,Horror,2019,6.2,63869,12,Tamil,Zee5
1406,Last City 1406,Biography,1992,6,450091,42,Tamil,Netflix
1407,First Night 1407,Sci-Fi,2015,7.3,356039,39,Dubbed,Zee5
1408,Golden Shadow 1408,Thriller,2018,7.5,289421,32,Hindi,Theatre
1409,Dark World 1409,Drama,1990,5.3,410447,29,Tamil,Disney+
1410,Silent Moon 1410,Fantasy,1995,7.6,136696,10,English,Netflix
1411,Lost Journey 1411,Comedy,1995,9.1,435821,43,Hindi,Netflix
1412,Wild Dream 1412,Comedy,2017,8.7,208093,64,English,Theatre
1413,Last Legend 1413,Comedy,2012,6,99121,36,Dubbed,Theatre
1414,Golden Dream 1414,Mystery,2005,7.9,262562,53,Bengali,Netflix
1415,Dark Day 1415,Thriller,1998,6.9,337935,68,Telugu,HBO Max
1416,Eternal Shadow 1416,Thriller,2012,7.2,410697,63,Malayalam,Apple TV+
1417,Eternal Star 1417,Thriller,2007,5.8,168183,77,Telugu,Netflix
1418,Rising Dream 1418,Adventure,2023,6.6,307178,30,Tamil,Netflix
1419,Lost Night 1419,Horror,2024,8.7,481908,95,English,Zee5
1420,Lost Love 1420,Sci-Fi,2001,5.8,311650,41,Malayalam,Apple TV+
1421,The Moon 1421,Mystery,1999,7.5,99688,64,Dubbed,Disney+
1422,Wild Dream 1422,Drama,1993,6,115718,3,Bengali,Netflix
1423,Broken Soul 1423,Comedy,2011,8.2,482705,42,English,Netflix
1424,Golden World 1424,Drama,2023,8.9,39027,48,Kannada,Apple TV+
1425,Dark Star 1425,Horror,2010,5.6,83577,94,Kannada,Zee5
1426,Last Quest 1426,Fantasy,2010,5.8,295637,89,Malayalam,Disney+
1427,Last Heart 1427,Thriller,2009,8.3,155411,17,Tamil,HBO Max
1428,The Love 1428,Mystery,1992,5.8,167837,79,Telugu,HBO Max
1429,Forgotten Storm 1429,Adventure,1999,6.5,41793,31,Malayalam,Amazon Prime
1430,Golden Fire 1430,Biography,2011,7,140047,27,Telugu,HBO Max
1431,Dark Moon 1431,Horror,1996,8.2,26243,50,Bengali,HBO Max
1432,Silent Heart 1432,Thriller,2021,9,185146,70,Kannada,Netflix
1433,Wild Night 1433,Comedy,2018,5.3,444423,5,Dubbed,Netflix
1434,Broken Day 1434,Drama,1994,6.5,466531,49,Tamil,HBO Max
1435,Dark Fire 1435,Sci-Fi,2020,8.2,227137,84,Tamil,Apple TV+
1436,Silent Heart 1436,Action,1996,6.5,100606,53,Dubbed,HBO Max
1437,Rising City 1437,Romance,1996,5.2,300772,71,Bengali,Disney+
1438,The Moon 1438,Action,2017,5.4,432959,85,Bengali,Disney+
1439,Dark Shadow 1439,Romance,2000,7.9,43958,61,Hindi,Amazon Prime
1440,Silent Quest 1440,Adventure,2006,5.4,286278,50,Tamil,Amazon Prime
1441,Silent Moon 1441,Comedy,2018,5.2,231550,60,Dubbed,Disney+
1442,Rising Dream 1442,Comedy,1996,5.4,181245,70,Kannada,Zee5
1443,Forgotten Night 1443,Animation,1993,8.8,430080,67,Kannada,Apple TV+
1444,Last Quest 1444,Mystery,2005,7.1,42395,51,English,Apple TV+
1445,Forgotten World 1445,Drama,2018,5.8,88642,28,Telugu,Disney+
1446,The Legend 1446,Drama,2017,5.9,432260,81,Tamil,Zee5
1447,Forgotten Day 1447,Sci-Fi,1994,5.4,292695,51,Malayalam,Zee5
1448,Rising Journey 1448,Action,2023,8.5,59992,54,Tamil,Disney+
1449,Forgotten Storm 1449,Drama,1996,8.5,455806,69,Malayalam,Theatre
1450,Rising Love 1450,Fantasy,2021,7.6,249012,5,Tamil,Amazon Prime
1451,Silent World 1451,Mystery,2015,5.2,467393,43,Telugu,Netflix
1452,First Quest 1452,Horror,2013,5.1,429545,39,Dubbed,Amazon Prime
1453,Wild Storm 1453,Romance,1998,6.4,390925,57,Malayalam,Amazon Prime
1454,First Legend 1454,Mystery,1995,5.8,111829,53,Bengali,Zee5
1455,Eternal Moon 1455,Action,2022,8.6,35402,40,Kannada,Disney+
1456,Eternal Shadow 1456,Comedy,2002,8.9,106238,8,Telugu,Netflix
1457,Wild Dream 1457,Sci-Fi,2002,6.2,432754,60,Kannada,HBO Max
1458,Dark Shadow 1458,Romance,2013,7.2,234886,23,Bengali,Apple TV+
1459,Eternal Moon 1459,Sci-Fi,2000,8.8,136612,96,Hindi,Amazon Prime
1460,The Love 1460,Action,2000,8.8,409855,28,Telugu,HBO Max
1461,Lost Soul 1461,Horror,2016,7.3,454315,100,English,Theatre
1462,Golden Heart 1462,Mystery,1990,6,319947,40,Dubbed,Theatre
1463,Silent Moon 1463,Adventure,2006,6,159411,87,Kannada,Apple TV+
1464,Dark Shadow 1464,Animation,2013,7.5,312307,78,Dubbed,Amazon Prime
1465,Last Storm 1465,Adventure,1994,6.5,145956,82,Malayalam,Zee5
1466,Rising Day 1466,Fantasy,2009,5.8,272210,98,Telugu,Netflix
1467,Forgotten Love 1467,Fantasy,2010,8.1,379160,4,Bengali,Amazon Prime
1468,Rising Legend 1468,Thriller,2014,8.3,306672,91,Telugu,Amazon Prime
1469,First Night 1469,Fantasy,2024,7.9,250422,86,Malayalam,Apple TV+
1470,Rising Heart 1470,Fantasy,2001,6.3,247824,17,Dubbed,HBO Max
1471,Eternal Heart 1471,Fantasy,2011,7.9,117524,46,Telugu,HBO Max
1472,Rising Legend 1472,Sci-Fi,2013,6.2,155167,60,Hindi,Theatre
1473,The Fire 1473,Adventure,2002,7.3,455818,88,Kannada,Apple TV+
1474,Rising Legend 1474,Action,1999,5.6,106013,44,Kannada,Apple TV+
1475,Wild World 1475,Sci-Fi,2001,8.5,256632,43,Tamil,Amazon Prime
1476,Last Dream 1476,Action,2018,6.2,400084,100,Tamil,Apple TV+
1477,Golden Quest 1477,Drama,1998,7.8,333129,55,Kannada,Theatre
1478,Wild Love 1478,Action,1992,7.4,384075,48,English,Amazon Prime
1479,Eternal Soul 1479,Action,1990,7.8,131454,29,Malayalam,Amazon Prime
1480,Golden Storm 1480,Thriller,2022,7.6,88566,9,English,Amazon Prime
1481,Rising Journey 1481,Biography,2023,7.7,178122,56,Tamil,Amazon Prime
1482,Wild Moon 1482,Romance,2000,9.3,482404,52,English,Disney+
1483,Lost World 1483,Romance,1991,7.7,89596,16,Malayalam,HBO Max
1484,Last Dream 1484,Thriller,2006,8.5,327702,7,English,HBO Max
1485,Dark Shadow 1485,Action,1997,6.9,200362,16,Dubbed,Theatre
1486,First World 1486,Romance,1990,6.4,347902,13,Dubbed,Apple TV+
1487,Forgotten World 1487,Thriller,1996,7.3,324851,16,Dubbed,Netflix
1488,Dark Quest 1488,Romance,2002,8.5,436944,67,Telugu,Amazon Prime
1489,First Legend 1489,Horror,2000,5.2,261232,27,Bengali,Amazon Prime
1490,Lost Shadow 1490,Action,1995,9.1,438902,74,Bengali,Disney+
1491,Dark Fire 1491,Biography,1996,9.1,338818,30,Bengali,Amazon Prime
1492,Rising Journey 1492,Action,1996,8.7,459301,6,Dubbed,Amazon Prime
1493,Last Star 1493,Thriller,1997,5.4,398517,6,English,Zee5
1494,Golden Heart 1494,Sci-Fi,2012,9,327005,35,Hindi,Amazon Prime
1495,Broken Heart 1495,Drama,2015,6.8,240357,35,Kannada,HBO Max
1496,Wild Legend 1496,Fantasy,2000,5.5,365993,93,English,Zee5
1497,Golden Storm 1497,Thriller,2020,8.6,356673,57,Tamil,Apple TV+
1498,Silent Moon 1498,Mystery,1991,8.9,462347,94,Tamil,Theatre
1499,Wild Storm 1499,Thriller,2018,5.2,138160,84,Malayalam,Netflix
1500,First Night 1500,Fantasy,2011,7.3,361836,90,Hindi,Theatre
